Workbook

Sheet Hoja1
A4: 05/10/2026 0:00 | B4: BO_FS_202605101685516_29162712 | C4: 29162712 | D4: NULL | E4: 05/10/2026 0:002 | F4: NULL3 | G4: NULL4 | H4: Mario cesar GONZALES ORTIZ | I4: 1685516 | J4: NULL5 | K4: ce_ortiz@yahoo.es | L4: Reparacion | M4: 05/10/2026 0:006 | N4: Soporte tecnico | O4: No | P4: NULL7 | Q4: 10 | R4: Atentos loa señores buen swrvicio | S4: NULL8 | T4: NULL9 | U4: NULL10 | V4: SI | W4: Yes | X4: HFC | Y4: NULL11 | Z4: PROMOTOR | AA4: NULL12 | AB4: NULL13 | AC4: NULL14 | AD4: NULL15 | AE4: NULL16 | AF4: NULL17 | AG4: NULL18 | AH4: SANTA CRUZ | AI4: SANTA CRUZ | AJ4: JOSE JONATHAN VERA GUTIERREZ | AK4: 168551619 | AL4: 2916271220 | AM4: Mario cesar GONZALES ORTIZ21 | AN4: CONECTADO | AO4: SANTA CRUZ 22 | AP4: EAST | AQ4: SANTA CRUZ 23 | AR4: URBANA | AS4: HFC24 | AT4: R | AU4: FINALIZADA | AV4: 05/08/2026 0:00 | AW4: 05/08/2026 20:13 | AX4: 202605 | AY4: 1025 | AZ4: 05/10/2026 0:0026 | BA4: 05/10/2026 12:33 | BB4: NODO SCZ284 | BC4: NODO SCZ284 RAMAL B TAP 026 | BD4: MAKIRO | BE4: 3744 | BF4: DANIEL CARREÑO ROJAS | BG4: MAKIRO27 | BH4: 06/01/2026 16:02 | BI4: 18298 | BJ4: Columna1 | BK4: =VLOOKUP(Hoja1!$B4,Hoja2!B2:B34,1,FALSE) -> #N/A
A5: 46300 | B5: BO_FS_202605102524934_29160908 | C5: 29160908 | D5: NULL | E5: 46300 | F5: NULL | G5: NULL | H5: luis pablo AVALOS TOLEDO | I5: 2524934 | J5: NULL | K5: pabloavalos200215@gmail.com | L5: Reparacion | M5: 46300 | N5: Soporte tecnico | O5: No | P5: NULL | Q5: 10 | R5: NULL | S5: NULL | T5: NULL | U5: NULL | V5: SI | W5: Yes | X5: HFC | Y5: NULL | Z5: PROMOTOR | AA5: NULL | AB5: NULL | AC5: NULL | AD5: NULL | AE5: NULL | AF5: NULL | AG5: NULL | AH5: SANTA CRUZ | AI5: SANTA CRUZ CAP | AJ5: JOSE JONATHAN VERA GUTIERREZ | AK5: 2524934 | AL5: 29160908 | AM5: luis pablo AVALOS TOLEDO | AN5: CONECTADO | AO5: SANTA CRUZ | AP5: EAST | AQ5: SANTA CRUZ CAP | AR5: URBANA | AS5: HFC | AT5: R | AU5: FINALIZADA | AV5: 46239 | AW5: 46239.606 | AX5: 202605 | AY5: 10 | AZ5: 46300 | BA5: 46300.43 | BB5: NODO SCZ266 | BC5: NODO SCZ266 RAMAL B TAP 011 | BD5: MAKIRO | BE5: 3744 | BF5: DANIEL CARREÑO ROJAS | BG5: MAKIRO | BH5: 25/05/2026 16:02:39 | BI5: 16182 | BJ5: =CONS -> #NAME? | BK5: =VLOOKUP(Hoja1!$B5,Tabla2[[#All],[ID_TRANSACCION]],1,FALSE) -> #N/A
A6: 46239 | B6: BO_FS_202605082659753_29158085 | C6: 29158085 | D6: NULL | E6: 46300 | F6: NULL | G6: NULL | H6: CRISTIAN CHUVE CHUVIRU | I6: 2659753 | J6: NULL | K6: cristian.chuvechu@gmail.com | L6: Instalacion | M6: 46239 | N6: Instalacion / Activacion | O6: No | P6: NULL | Q6: 10 | R6: Excelente trabajo | S6: NULL | T6: NULL | U6: NULL | V6: SI | W6: Yes | X6: HFC | Y6: NULL | Z6: PROMOTOR | AA6: NULL | AB6: NULL | AC6: NULL | AD6: NULL | AE6: NULL | AF6: NULL | AG6: NULL | AH6: SANTA CRUZ | AI6: SANTA CRUZ CAP | AJ6: JOSE JONATHAN VERA GUTIERREZ | AK6: 2659753 | AL6: 29158085 | AM6: CRISTIAN CHUVE CHUVIRU | AN6: CONECTADO | AO6: SANTA CRUZ | AP6: EAST | AQ6: SANTA CRUZ CAP | AR6: URBANA | AS6: HFC | AT6: I | AU6: FINALIZADA | AV6: 46208 | AW6: 46208.808 | AX6: 202605 | AY6: 8 | AZ6: 46239 | BA6: 46239.641 | BB6: NODO SCZ270 | BC6: NODO SCZ270 RAMAL B TAP 025 | BD6: MAKIRO | BE6: 3744 | BF6: DANIEL CARREÑO ROJAS | BG6: MAKIRO | BH6: 25/05/2026 16:02:39 | BI6: 16200 | BJ6: =CONS -> #NAME? | BK6: =VLOOKUP(Hoja1!$B6,Tabla2[[#All],[ID_TRANSACCION]],1,FALSE) -> BO_FS_202605082659753_29158085
A7: 46208 | B7: BO_FS_202605072658950_29152051 | C7: 29152051 | D7: NULL | E7: 46239 | F7: NULL | G7: NULL | H7: Katalina LOPEZ EGUEZ | I7: 2658950 | J7: NULL | K7: Lopezeguezkatalina@gmail.com | L7: Instalacion | M7: 46208 | N7: Instalacion / Activacion | O7: No | P7: NULL | Q7: 10 | R7: Muy bien servicio | S7: NULL | T7: NULL | U7: NULL | V7: SI | W7: Yes | X7: HFC | Y7: NULL | Z7: PROMOTOR | AA7: NULL | AB7: NULL | AC7: NULL | AD7: NULL | AE7: NULL | AF7: NULL | AG7: NULL | AH7: SANTA CRUZ | AI7: SANTA CRUZ CAP | AJ7: JOSE JONATHAN VERA GUTIERREZ | AK7: 2658950 | AL7: 29152051 | AM7: Katalina LÓPEZ EGUEZ | AN7: CONECTADO | AO7: SANTA CRUZ | AP7: EAST | AQ7: SANTA CRUZ CAP | AR7: URBANA | AS7: HFC | AT7: I | AU7: FINALIZADA | AV7: 46178 | AW7: 46178.661 | AX7: 202605 | AY7: 7 | AZ7: 46208 | BA7: 46208.638 | BB7: NODO SCZ321 | BC7: NODO SCZ321 RAMAL D TAP 007 | BD7: MAKIRO | BE7: 3744 | BF7: DANIEL CARREÑO ROJAS | BG7: MAKIRO | BH7: 25/05/2026 16:02:39 | BI7: 16224 | BJ7: =CONS -> #NAME? | BK7: =VLOOKUP(Hoja1!$B7,Tabla2[[#All],[ID_TRANSACCION]],1,FALSE) -> BO_FS_202605072658950_29152051
A8: 30/04/2026 0:00:00 | B8: BO_FS_202604302654827_29100462 | C8: 29100462 | D8: NULL | E8: 30/04/2026 0:00:00 | F8: NULL | G8: NULL | H8: Onesimo RIVERA ORTEGA | I8: 2654827 | J8: NULL | K8: onesimojd12@gmail.com | L8: Instalacion | M8: 30/04/2026 0:00:00 | N8: Instalacion / Activacion | O8: No | P8: NULL | Q8: 10 | R8: Gracias | S8: NULL | T8: NULL | U8: NULL | V8: SI | W8: Yes | X8: HFC | Y8: NULL | Z8: PROMOTOR | AA8: NULL | AB8: NULL | AC8: NULL | AD8: NULL | AE8: NULL | AF8: NULL | AG8: NULL | AH8: SANTA CRUZ | AI8: SANTA CRUZ CAP | AJ8: JOSE JONATHAN VERA GUTIERREZ | AK8: 2654827 | AL8: 29100462 | AM8: Onesimo RIVERA ORTEGA | AN8: CONECTADO | AO8: SANTA CRUZ | AP8: EAST | AQ8: SANTA CRUZ CAP | AR8: URBANA | AS8: HFC | AT8: I | AU8: FINALIZADA | AV8: 28/04/2026 0:00:00 | AW8: 28/04/2026 22:21:56 | AX8: 202604 | AY8: 30 | AZ8: 30/04/2026 0:00:00 | BA8: 30/04/2026 10:37:39 | BB8: NODO SCZ285 | BC8: NODO SCZ285 RAMAL C TAP 052 | BD8: MAKIRO | BE8: 3744 | BF8: DANIEL CARREÑO ROJAS | BG8: MAKIRO | BH8: 25/05/2026 16:02:39 | BI8: 16277 | BJ8: =CONS -> #NAME? | BK8: =VLOOKUP(Hoja1!$B8,Tabla2[[#All],[ID_TRANSACCION]],1,FALSE) -> #N/A
A9: 29/04/2026 0:00:00 | B9: BO_FS_202604292654801_29100312 | C9: 29100312 | D9: NULL | E9: 30/04/2026 0:00:00 | F9: NULL | G9: NULL | H9: HERNAN CORTEZ PEREZ | I9: 2654801 | J9: NULL | K9: Hernancortez71@gmail.com | L9: Instalacion | M9: 29/04/2026 0:00:00 | N9: Instalacion / Activacion | O9: No | P9: NULL | Q9: 9 | R9: Buena atención amables cumplían consu equipo de trabajo su uniformes que lo identifica | S9: NULL | T9: NULL | U9: NULL | V9: SI | W9: Yes | X9: HFC | Y9: NULL | Z9: PROMOTOR | AA9: NULL | AB9: NULL | AC9: NULL | AD9: NULL | AE9: NULL | AF9: NULL | AG9: NULL | AH9: SANTA CRUZ | AI9: SANTA CRUZ CAP | AJ9: JOSE JONATHAN VERA GUTIERREZ | AK9: 2654801 | AL9: 29100312 | AM9: HERNAN CORTEZ PEREZ | AN9: CONECTADO | AO9: SANTA CRUZ | AP9: EAST | AQ9: SANTA CRUZ CAP | AR9: URBANA | AS9: HFC | AT9: I | AU9: FINALIZADA | AV9: 28/04/2026 0:00:00 | AW9: 28/04/2026 20:47:20 | AX9: 202604 | AY9: 29 | AZ9: 29/04/2026 0:00:00 | BA9: 29/04/2026 17:51:27 | BB9: NODO SCZ318 | BC9: NODO SCZ318 RAMAL A TAP 052 | BD9: MAKIRO | BE9: 3744 | BF9: DANIEL CARREÑO ROJAS | BG9: MAKIRO | BH9: 25/05/2026 16:02:39 | BI9: 16278 | BJ9: =CONS -> #NAME? | BK9: =VLOOKUP(Hoja1!$B9,Tabla2[[#All],[ID_TRANSACCION]],1,FALSE) -> #N/A
A10: 29/04/2026 0:00:00 | B10: BO_FS_202604292655091_29103341 | C10: 29103341 | D10: NULL | E10: 30/04/2026 0:00:00 | F10: NULL | G10: NULL | H10: Leslie Katherine CHOQUE BLANCO | I10: 2655091 | J10: NULL | K10: Leslie@gmail.com | L10: Instalacion | M10: 29/04/2026 0:00:00 | N10: Instalacion / Activacion | O10: No | P10: NULL | Q10: 10 | R10: La instalación fué rápida, no tardó ni 30 minutos. Es muy recomendable | S10: NULL | T10: NULL | U10: NULL | V10: SI | W10: Yes | X10: HFC | Y10: NULL | Z10: PROMOTOR | AA10: NULL | AB10: NULL | AC10: NULL | AD10: NULL | AE10: NULL | AF10: NULL | AG10: NULL | AH10: SANTA CRUZ | AI10: SANTA CRUZ CAP | AJ10: JOSE JONATHAN VERA GUTIERREZ | AK10: 2655091 | AL10: 29103341 | AM10: Leslie Katherine CHOQUE BLANCO | AN10: CONECTADO | AO10: SANTA CRUZ | AP10: EAST | AQ10: SANTA CRUZ CAP | AR10: URBANA | AS10: HFC | AT10: I | AU10: FINALIZADA | AV10: 29/04/2026 0:00:00 | AW10: 29/04/2026 13:10:42 | AX10: 202604 | AY10: 29 | AZ10: 29/04/2026 0:00:00 | BA10: 29/04/2026 15:28:14 | BB10: NODO SCZ414 | BC10: NODO SCZ414 RAMAL D TAP 013 | BD10: MAKIRO | BE10: 3744 | BF10: DANIEL CARREÑO ROJAS | BG10: MAKIRO | BH10: 25/05/2026 16:02:39 | BI10: 16279 | BJ10: =CONS -> #NAME? | BK10: =VLOOKUP(Hoja1!$B10,Tabla2[[#All],[ID_TRANSACCION]],1,FALSE) -> #N/A
A11: 24/04/2026 0:00:00 | B11: BO_FS_202604242652458_28970298 | C11: 28970298 | D11: NULL | E11: 24/04/2026 0:00:00 | F11: NULL | G11: NULL | H11: IVAN ROLANDO JACUMANI MENDOZA | I11: 2652458 | J11: NULL | K11: Not@gmail.com | L11: Instalacion | M11: 24/04/2026 0:00:00 | N11: Instalacion / Activacion | O11: No | P11: NULL | Q11: 9 | R11: Trabajo eficaz | S11: NULL | T11: NULL | U11: NULL | V11: SI | W11: Yes | X11: HFC | Y11: NULL | Z11: PROMOTOR | AA11: NULL | AB11: NULL | AC11: NULL | AD11: NULL | AE11: NULL | AF11: NULL | AG11: NULL | AH11: SANTA CRUZ | AI11: SANTA CRUZ CAP | AJ11: JOSE JONATHAN VERA GUTIERREZ | AK11: 2652458 | AL11: 28970298 | AM11: IVÁN ROLANDO JACUMANI MENDOZA | AN11: CONECTADO | AO11: SANTA CRUZ | AP11: EAST | AQ11: SANTA CRUZ CAP | AR11: URBANA | AS11: HFC | AT11: I | AU11: FINALIZADA | AV11: 23/04/2026 0:00:00 | AW11: 23/04/2026 16:11:34 | AX11: 202604 | AY11: 24 | AZ11: 24/04/2026 0:00:00 | BA11: 24/04/2026 11:09:54 | BB11: NODO SCZ275 | BC11: NODO SCZ275 RAMAL D TAP 062 | BD11: MAKIRO | BE11: 3744 | BF11: DANIEL CARREÑO ROJAS | BG11: MAKIRO | BH11: 25/05/2026 16:02:39 | BI11: 16328 | BJ11: =CONS -> #NAME? | BK11: =VLOOKUP(Hoja1!$B11,Tabla2[[#All],[ID_TRANSACCION]],1,FALSE) -> #N/A
A12: 24/04/2026 0:00:00 | B12: BO_FS_202604242652001_28904211 | C12: 28904211 | D12: NULL | E12: 24/04/2026 0:00:00 | F12: NULL | G12: NULL | H12: Luis Fernando QUIROGA TOLEDO | I12: 2652001 | J12: NULL | K12: Luisfer21@gmail.com | L12: Instalacion | M12: 24/04/2026 0:00:00 | N12: Instalacion / Activacion | O12: No | P12: NULL | Q12: 10 | R12: Por el servicio que brindan | S12: NULL | T12: NULL | U12: NULL | V12: SI | W12: Yes | X12: HFC | Y12: NULL | Z12: PROMOTOR | AA12: NULL | AB12: NULL | AC12: NULL | AD12: NULL | AE12: NULL | AF12: NULL | AG12: NULL | AH12: SANTA CRUZ | AI12: SANTA CRUZ CAP | AJ12: JOSE JONATHAN VERA GUTIERREZ | AK12: 2652001 | AL12: 28904211 | AM12: Luis Fernando QUIROGA TOLEDO | AN12: CONECTADO | AO12: SANTA CRUZ | AP12: EAST | AQ12: SANTA CRUZ CAP | AR12: URBANA | AS12: HFC | AT12: I | AU12: FINALIZADA | AV12: 22/04/2026 0:00:00 | AW12: 22/04/2026 17:36:25 | AX12: 202604 | AY12: 24 | AZ12: 24/04/2026 0:00:00 | BA12: 24/04/2026 9:47:51 | BB12: NODO SCZ212 | BC12: NODO SCZ212 RAMAL A TAP 005 | BD12: MAKIRO | BE12: 3744 | BF12: DANIEL CARREÑO ROJAS | BG12: MAKIRO | BH12: 25/05/2026 16:02:39 | BI12: 16329 | BJ12: =CONS -> #NAME? | BK12: =VLOOKUP(Hoja1!$B12,Tabla2[[#All],[ID_TRANSACCION]],1,FALSE) -> #N/A
A13: 24/04/2026 0:00:00 | B13: BO_FS_202604242652480_28970435 | C13: 28970435 | D13: NULL | E13: 24/04/2026 0:00:00 | F13: NULL | G13: NULL | H13: AMELIA TEREZA FLORES ACEVEDO | I13: 2652480 | J13: NULL | K13: amelia@gmail.com | L13: Instalacion | M13: 24/04/2026 0:00:00 | N13: Instalacion / Activacion | O13: Si | P13: NULL | Q13: 10 | R13: Muy puntual y asistencia rápida | S13: NULL | T13: NULL | U13: NULL | V13: SI | W13: Yes | X13: HFC | Y13: NULL | Z13: PROMOTOR | AA13: NULL | AB13: NULL | AC13: NULL | AD13: NULL | AE13: NULL | AF13: NULL | AG13: NULL | AH13: SANTA CRUZ | AI13: SANTA CRUZ CAP | AJ13: JOSE JONATHAN VERA GUTIERREZ | AK13: 2652480 | AL13: 28970435 | AM13: AMELIA TEREZA FLORES ACEVEDO | AN13: CONECTADO | AO13: SANTA CRUZ | AP13: EAST | AQ13: SANTA CRUZ CAP | AR13: URBANA | AS13: HFC | AT13: I | AU13: FINALIZADA | AV13: 23/04/2026 0:00:00 | AW13: 23/04/2026 16:34:07 | AX13: 202604 | AY13: 24 | AZ13: 24/04/2026 0:00:00 | BA13: 24/04/2026 9:22:12 | BB13: NODO SCZ272 | BC13: NODO SCZ272 RAMAL B TAP 026 | BD13: MAKIRO | BE13: 3744 | BF13: DANIEL CARREÑO ROJAS | BG13: MAKIRO | BH13: 25/05/2026 16:02:39 | BI13: 16330 | BJ13: =CONS -> #NAME? | BK13: =VLOOKUP(Hoja1!$B13,Tabla2[[#All],[ID_TRANSACCION]],1,FALSE) -> #N/A
A14: 23/04/2026 0:00:00 | B14: BO_FS_202604232651124_28898303 | C14: 28898303 | D14: NULL | E14: 24/04/2026 0:00:00 | F14: NULL | G14: NULL | H14: Cristina SANCHEZ VACA | I14: 2651124 | J14: NULL | K14: montenegrogriselda449@gmail.com | L14: Instalacion | M14: 23/04/2026 0:00:00 | N14: Instalacion / Activacion | O14: No | P14: NULL | Q14: 9 | R14: NULL | S14: NULL | T14: NULL | U14: NULL | V14: SI | W14: Yes | X14: HFC | Y14: NULL | Z14: PROMOTOR | AA14: NULL | AB14: NULL | AC14: NULL | AD14: NULL | AE14: NULL | AF14: NULL | AG14: NULL | AH14: SANTA CRUZ | AI14: SANTA CRUZ CAP | AJ14: JOSE JONATHAN VERA GUTIERREZ | AK14: 2651124 | AL14: 28898303 | AM14: Cristina SANCHEZ VACA | AN14: CONECTADO | AO14: SANTA CRUZ | AP14: EAST | AQ14: SANTA CRUZ CAP | AR14: URBANA | AS14: HFC | AT14: I | AU14: FINALIZADA | AV14: 23/04/2026 0:00:00 | AW14: 23/04/2026 12:03:09 | AX14: 202604 | AY14: 23 | AZ14: 23/04/2026 0:00:00 | BA14: 23/04/2026 18:55:48 | BB14: NODO SCZ289 | BC14: NODO SCZ289 RAMAL B TAP 008 | BD14: MAKIRO | BE14: 3744 | BF14: DANIEL CARREÑO ROJAS | BG14: MAKIRO | BH14: 25/05/2026 16:02:39 | BI14: 16331 | BJ14: =CONS -> #NAME? | BK14: =VLOOKUP(Hoja1!$B14,Tabla2[[#All],[ID_TRANSACCION]],1,FALSE) -> #N/A
A15: 24/04/2026 0:00:00 | B15: BO_FS_202604242652447_28970246 | C15: 28970246 | D15: NULL | E15: 24/04/2026 0:00:00 | F15: NULL | G15: NULL | H15: Camila QUIROZ CESPEDES | I15: 2652447 | J15: NULL | K15: camilaquiroz05@gmail.com | L15: Instalacion | M15: 24/04/2026 0:00:00 | N15: Instalacion / Activacion | O15: No | P15: NULL | Q15: 10 | R15: Buena atención y muy amables | S15: NULL | T15: NULL | U15: NULL | V15: SI | W15: Yes | X15: HFC | Y15: NULL | Z15: PROMOTOR | AA15: NULL | AB15: NULL | AC15: NULL | AD15: NULL | AE15: NULL | AF15: NULL | AG15: NULL | AH15: SANTA CRUZ | AI15: SANTA CRUZ CAP | AJ15: JOSE JONATHAN VERA GUTIERREZ | AK15: 2652447 | AL15: 28970246 | AM15: Camila QUIROZ CESPEDES | AN15: CONECTADO | AO15: SANTA CRUZ | AP15: EAST | AQ15: SANTA CRUZ CAP | AR15: URBANA | AS15: HFC | AT15: I | AU15: FINALIZADA | AV15: 23/04/2026 0:00:00 | AW15: 23/04/2026 16:03:19 | AX15: 202604 | AY15: 24 | AZ15: 24/04/2026 0:00:00 | BA15: 24/04/2026 9:53:29 | BB15: NODO SCZ219 | BC15: NODO SCZ219 RAMAL D TAP 015 | BD15: MAKIRO | BE15: 3744 | BF15: DANIEL CARREÑO ROJAS | BG15: MAKIRO | BH15: 25/05/2026 16:02:39 | BI15: 16344 | BJ15: =CONS -> #NAME? | BK15: =VLOOKUP(Hoja1!$B15,Tabla2[[#All],[ID_TRANSACCION]],1,FALSE) -> #N/A
A16: 28/04/2026 0:00:00 | B16: BO_FS_202604282654307_29096254 | C16: 29096254 | D16: NULL | E16: 28/04/2026 0:00:00 | F16: NULL | G16: NULL | H16: GUILLMABY MATUTANO | I16: 2654307 | J16: NULL | K16: sincorreo@gmail.com | L16: Instalacion | M16: 28/04/2026 0:00:00 | N16: Instalacion / Activacion | O16: No | P16: NULL | Q16: 10 | R16: Fueron muy amables | S16: NULL | T16: NULL | U16: NULL | V16: SI | W16: NULL | X16: HFC | Y16: NULL | Z16: PROMOTOR | AA16: NULL | AB16: NULL | AC16: NULL | AD16: NULL | AE16: NULL | AF16: NULL | AG16: NULL | AH16: SANTA CRUZ | AI16: SANTA CRUZ CAP | AJ16: JOSE JONATHAN VERA GUTIERREZ | AK16: 2654307 | AL16: 29096254 | AM16: GUILLMABY MATUTANO | AN16: CONECTADO | AO16: SANTA CRUZ | AP16: EAST | AQ16: SANTA CRUZ CAP | AR16: URBANA | AS16: HFC | AT16: I | AU16: FINALIZADA | AV16: 28/04/2026 0:00:00 | AW16: 28/04/2026 10:03:18 | AX16: 202604 | AY16: 28 | AZ16: 28/04/2026 0:00:00 | BA16: 28/04/2026 15:07:54 | BB16: NODO SCZ284 | BC16: NODO SCZ284 RAMAL C TAP 010 | BD16: MAKIRO | BE16: 3744 | BF16: DANIEL CARREÑO ROJAS | BG16: MAKIRO | BH16: 25/05/2026 16:02:39 | BI16: 16345 | BJ16: =CONS -> #NAME? | BK16: =VLOOKUP(Hoja1!$B16,Tabla2[[#All],[ID_TRANSACCION]],1,FALSE) -> #N/A
A17: 27/04/2026 0:00:00 | B17: BO_FS_202604272652914_29028168 | C17: 29028168 | D17: NULL | E17: 28/04/2026 0:00:00 | F17: NULL | G17: NULL | H17: Cinthia JANCO MAMANI | I17: 2652914 | J17: NULL | K17: jancomamanic@gmail.com | L17: Instalacion | M17: 27/04/2026 0:00:00 | N17: Instalacion / Activacion | O17: No | P17: NULL | Q17: 9 | R17: NULL | S17: NULL | T17: NULL | U17: NULL | V17: SI | W17: Yes | X17: HFC | Y17: NULL | Z17: PROMOTOR | AA17: NULL | AB17: NULL | AC17: NULL | AD17: NULL | AE17: NULL | AF17: NULL | AG17: NULL | AH17: SANTA CRUZ | AI17: SANTA CRUZ CAP | AJ17: JOSE JONATHAN VERA GUTIERREZ | AK17: 2652914 | AL17: 29028168 | AM17: Cinthia JANCO MAMANI | AN17: CONECTADO | AO17: SANTA CRUZ | AP17: EAST | AQ17: SANTA CRUZ CAP | AR17: URBANA | AS17: HFC | AT17: I | AU17: FINALIZADA | AV17: 27/04/2026 0:00:00 | AW17: 27/04/2026 8:37:01 | AX17: 202604 | AY17: 27 | AZ17: 27/04/2026 0:00:00 | BA17: 27/04/2026 12:28:48 | BB17: NODO SCZ286 | BC17: NODO SCZ286 RAMAL B TAP 014 | BD17: MAKIRO | BE17: 3744 | BF17: DANIEL CARREÑO ROJAS | BG17: MAKIRO | BH17: 25/05/2026 16:02:39 | BI17: 16352 | BJ17: =CONS -> #NAME? | BK17: =VLOOKUP(Hoja1!$B17,Tabla2[[#All],[ID_TRANSACCION]],1,FALSE) -> #N/A
A18: 23/04/2026 0:00:00 | B18: BO_FS_202604232650508_28894505 | C18: 28894505 | D18: NULL | E18: 24/04/2026 0:00:00 | F18: NULL | G18: NULL | H18: Delia SALAZAR ALIENDRES | I18: 2650508 | J18: NULL | K18: Delialiendre123@gmaill.com | L18: Instalacion | M18: 23/04/2026 0:00:00 | N18: Instalacion / Activacion | O18: No | P18: NULL | Q18: 10 | R18: NULL | S18: NULL | T18: NULL | U18: NULL | V18: SI | W18: Yes | X18: HFC | Y18: NULL | Z18: PROMOTOR | AA18: NULL | AB18: NULL | AC18: NULL | AD18: NULL | AE18: NULL | AF18: NULL | AG18: NULL | AH18: SANTA CRUZ | AI18: SANTA CRUZ CAP | AJ18: JOSE JONATHAN VERA GUTIERREZ | AK18: 2650508 | AL18: 28894505 | AM18: Delia SALAZAR ALIENDRES | AN18: CONECTADO | AO18: SANTA CRUZ | AP18: EAST | AQ18: SANTA CRUZ CAP | AR18: URBANA | AS18: HFC | AT18: I | AU18: FINALIZADA | AV18: 23/04/2026 0:00:00 | AW18: 23/04/2026 12:01:53 | AX18: 202604 | AY18: 23 | AZ18: 23/04/2026 0:00:00 | BA18: 23/04/2026 18:50:24 | BB18: NODO SCZ927 | BC18: NODO SCZ927 RAMAL D TAP 023 | BD18: MAKIRO | BE18: 3744 | BF18: DANIEL CARREÑO ROJAS | BG18: MAKIRO | BH18: 25/05/2026 16:02:39 | BI18: 16381 | BJ18: =CONS -> #NAME? | BK18: =VLOOKUP(Hoja1!$B18,Tabla2[[#All],[ID_TRANSACCION]],1,FALSE) -> #N/A
A19: 27/04/2026 0:00:00 | B19: BO_FS_202604272653238_29087653 | C19: 29087653 | D19: NULL | E19: 28/04/2026 0:00:00 | F19: NULL | G19: NULL | H19: Maria cruz FARELL MORENO | I19: 2653238 | J19: NULL | K19: Florcruz35@gmail.vom | L19: Instalacion | M19: 27/04/2026 0:00:00 | N19: Instalacion / Activacion | O19: No | P19: NULL | Q19: 10 | R19: NULL | S19: NULL | T19: NULL | U19: NULL | V19: SI | W19: Yes | X19: HFC | Y19: NULL | Z19: PROMOTOR | AA19: NULL | AB19: NULL | AC19: NULL | AD19: NULL | AE19: NULL | AF19: NULL | AG19: NULL | AH19: SANTA CRUZ | AI19: SANTA CRUZ CAP | AJ19: JOSE JONATHAN VERA GUTIERREZ | AK19: 2653238 | AL19: 29087653 | AM19: María cruz FARELL MORENO | AN19: CONECTADO | AO19: SANTA CRUZ | AP19: EAST | AQ19: SANTA CRUZ CAP | AR19: URBANA | AS19: HFC | AT19: I | AU19: FINALIZADA | AV19: 25/04/2026 0:00:00 | AW19: 25/04/2026 11:15:23 | AX19: 202604 | AY19: 27 | AZ19: 27/04/2026 0:00:00 | BA19: 27/04/2026 16:46:17 | BB19: NODO SCZ461 | BC19: NODO SCZ461 RAMAL D TAP 040 | BD19: MAKIRO | BE19: 3744 | BF19: DANIEL CARREÑO ROJAS | BG19: MAKIRO | BH19: 25/05/2026 16:02:39 | BI19: 16384 | BJ19: =CONS -> #NAME? | BK19: =VLOOKUP(Hoja1!$B19,Tabla2[[#All],[ID_TRANSACCION]],1,FALSE) -> #N/A
... A21: 28/04/2026 0:00:00 | B21: BO_FS_202604282654485_29097570 | C21: 29097570 | D21: NULL | E21: 28/04/2026 0:00:00 | F21: NULL | G21: NULL | H21: CARLOS NICOLAS MACHICADO PORTELA | I21: 2654485 | J21: NULL | K21: jakerlu19@gmail.com | L21: Instalacion | M21: 28/04/2026 0:00:00 | N21: Instalacion / Activacion | O21: No | P21: NULL | Q21: 9 | R21: La instalación tuvo una respuesta rapida | S21: NULL | T21: NULL | U21: NULL | V21: SI | W21: Yes | X21: HFC | Y21: NULL | Z21: PROMOTOR | AA21: NULL | AB21: NULL | AC21: NULL | AD21: NULL | AE21: NULL | AF21: NULL | AG21: NULL | AH21: SANTA CRUZ | AI21: SANTA CRUZ CAP | AJ21: JOSE JONATHAN VERA GUTIERREZ | AK21: 2654485 | AL21: 29097570 | AM21: CARLOS NICOLAS MACHICADO PORTELA | AN21: CONECTADO | AO21: SANTA CRUZ | AP21: EAST | AQ21: SANTA CRUZ CAP | AR21: URBANA | AS21: HFC | AT21: I | AU21: FINALIZADA | AV21: 28/04/2026 0:00:00 | AW21: 28/04/2026 12:44:11 | AX21: 202604 | AY21: 28 | AZ21: 28/04/2026 0:00:00 | BA21: 28/04/2026 17:52:52 | BB21: NODO SCZ926 | BC21: NODO SCZ926 RAMAL D TAP 010 | BD21: MAKIRO | BE21: 3744 | BF21: DANIEL CARREÑO ROJAS | BG21: MAKIRO | BH21: 25/05/2026 16:02:39 | BI21: 16386 | BJ21: =CONS -> #NAME? | BK21: =VLOOKUP(Hoja1!$B21,Tabla2[[#All],[ID_TRANSACCION]],1,FALSE) -> #N/A
A22: 15/05/2026 0:00:00 | B22: BO_FS_202605152660990_29168521 | C22: 29168521 | D22: NULL | E22: 18/05/2026 0:00:00 | F22: NULL | G22: NULL | H22: FABIOLA MAMANI CHOQUE | I22: 2660990 | J22: NULL | K22: fabiolamamanich32@gmail.com | L22: Instalacion | M22: 15/05/2026 0:00:00 | N22: Instalacion / Activacion | O22: No | P22: NULL | Q22: 10 | R22: Hicieron un buen trabajo:) | S22: NULL | T22: NULL | U22: NULL | V22: SI | W22: Yes | X22: HFC | Y22: NULL | Z22: PROMOTOR | AA22: NULL | AB22: NULL | AC22: NULL | AD22: NULL | AE22: NULL | AF22: NULL | AG22: NULL | AH22: SANTA CRUZ | AI22: SANTA CRUZ CAP | AJ22: JOSE JONATHAN VERA GUTIERREZ | AK22: 2660990 | AL22: 29168521 | AM22: FABIOLA MAMANI CHOQUE | AN22: CONECTADO | AO22: SANTA CRUZ | AP22: EAST | AQ22: SANTA CRUZ CAP | AR22: URBANA | AS22: HFC | AT22: I | AU22: FINALIZADA | AV22: 14/05/2026 0:00:00 | AW22: 14/05/2026 10:17:09 | AX22: 202605 | AY22: 15 | AZ22: 15/05/2026 0:00:00 | BA22: 15/05/2026 10:12:51 | BB22: NODO SCZ321 | BC22: NODO SCZ321 RAMAL C TAP 030 | BD22: MAKIRO | BE22: 3744 | BF22: DANIEL CARREÑO ROJAS | BG22: MAKIRO | BH22: 25/05/2026 16:02:39 | BI22: 16487 | BK22: =VLOOKUP(Hoja1!$B22,Tabla2[[#All],[ID_TRANSACCION]],1,FALSE) -> BO_FS_202605152660990_29168521
A23: 15/05/2026 0:00:00 | B23: BO_FS_202605152662795_29179740 | C23: 29179740 | D23: NULL | E23: 18/05/2026 0:00:00 | F23: NULL | G23: NULL | H23: Roger RAMON PADILLA | I23: 2662795 | J23: NULL | K23: ramonpadillaroger@gmail.com | L23: Instalacion | M23: 15/05/2026 0:00:00 | N23: Instalacion / Activacion | O23: No | P23: NULL | Q23: 10 | R23: 10 | S23: NULL | T23: NULL | U23: NULL | V23: SI | W23: Yes | X23: HFC | Y23: NULL | Z23: PROMOTOR | AA23: NULL | AB23: NULL | AC23: NULL | AD23: NULL | AE23: NULL | AF23: NULL | AG23: NULL | AH23: SANTA CRUZ | AI23: SANTA CRUZ CAP | AJ23: JOSE JONATHAN VERA GUTIERREZ | AK23: 2662795 | AL23: 29179740 | AM23: Roger RAMÓN PADILLA | AN23: CONECTADO | AO23: SANTA CRUZ | AP23: EAST | AQ23: SANTA CRUZ CAP | AR23: URBANA | AS23: HFC | AT23: I | AU23: FINALIZADA | AV23: 14/05/2026 0:00:00 | AW23: 14/05/2026 13:18:52 | AX23: 202605 | AY23: 15 | AZ23: 15/05/2026 0:00:00 | BA23: 15/05/2026 13:43:36 | BB23: NODO SCZ285 | BC23: NODO SCZ285 RAMAL B TAP 039 | BD23: MAKIRO | BE23: 3744 | BF23: DANIEL CARREÑO ROJAS | BG23: MAKIRO | BH23: 25/05/2026 16:02:39 | BI23: 16489 | BK23: =VLOOKUP(Hoja1!$B23,Tabla2[[#All],[ID_TRANSACCION]],1,FALSE) -> BO_FS_202605152662795_29179740
A24: 15/05/2026 0:00:00 | B24: BO_FS_202605152662378_29176801 | C24: 29176801 | D24: NULL | E24: 18/05/2026 0:00:00 | F24: NULL | G24: NULL | H24: Erwin CHAMBI RICALDEZ | I24: 2662378 | J24: NULL | K24: Erwin12@gmail.com | L24: Instalacion | M24: 15/05/2026 0:00:00 | N24: Instalacion / Activacion | O24: No | P24: NULL | Q24: 10 | R24: NULL | S24: NULL | T24: NULL | U24: NULL | V24: SI | W24: Yes | X24: HFC | Y24: NULL | Z24: PROMOTOR | AA24: NULL | AB24: NULL | AC24: NULL | AD24: NULL | AE24: NULL | AF24: NULL | AG24: NULL | AH24: SANTA CRUZ | AI24: SANTA CRUZ CAP | AJ24: JOSE JONATHAN VERA GUTIERREZ | AK24: 2662378 | AL24: 29176801 | AM24: Erwin CHAMBI RICALDEZ | AN24: CONECTADO | AO24: SANTA CRUZ | AP24: EAST | AQ24: SANTA CRUZ CAP | AR24: URBANA | AS24: HFC | AT24: I | AU24: FINALIZADA | AV24: 13/05/2026 0:00:00 | AW24: 13/05/2026 16:46:19 | AX24: 202605 | AY24: 15 | AZ24: 15/05/2026 0:00:00 | BA24: 15/05/2026 9:57:10 | BB24: NODO SCZ267 | BC24: NODO SCZ267 RAMAL C TAP 026 | BD24: MAKIRO | BE24: 3744 | BF24: DANIEL CARREÑO ROJAS | BG24: MAKIRO | BH24: 25/05/2026 16:02:39 | BI24: 16535 | BK24: =VLOOKUP(Hoja1!$B24,Tabla2[[#All],[ID_TRANSACCION]],1,FALSE) -> BO_FS_202605152662378_29176801
A25: 14/05/2026 0:00:00 | B25: BO_FS_202605142661045_29168783 | C25: 29168783 | D25: NULL | E25: 17/05/2026 0:00:00 | F25: NULL | G25: NULL | H25: CARLOS OSWALDO DACOSTA LIJERON | I25: 2661045 | J25: NULL | K25: dacostal@gmail.com | L25: Instalacion | M25: 14/05/2026 0:00:00 | N25: Instalacion / Activacion | O25: No | P25: NULL | Q25: 10 | R25: NULL | S25: NULL | T25: NULL | U25: NULL | V25: SI | W25: Yes | X25: HFC | Y25: NULL | Z25: PROMOTOR | AA25: NULL | AB25: NULL | AC25: NULL | AD25: NULL | AE25: NULL | AF25: NULL | AG25: NULL | AH25: SANTA CRUZ | AI25: SANTA CRUZ CAP | AJ25: JOSE JONATHAN VERA GUTIERREZ | AK25: 2661045 | AL25: 29168783 | AM25: CARLOS OSWALDO DACOSTA LIJERON | AN25: CONECTADO | AO25: SANTA CRUZ | AP25: EAST | AQ25: SANTA CRUZ CAP | AR25: URBANA | AS25: HFC | AT25: I | AU25: FINALIZADA | AV25: 14/05/2026 0:00:00 | AW25: 14/05/2026 12:35:29 | AX25: 202605 | AY25: 14 | AZ25: 14/05/2026 0:00:00 | BA25: 14/05/2026 19:50:34 | BB25: NODO SCZ123 | BC25: NODO SCZ123 RAMAL C TAP 030 | BD25: MAKIRO | BE25: 3744 | BF25: DANIEL CARREÑO ROJAS | BG25: MAKIRO | BH25: 25/05/2026 16:02:39 | BI25: 16550 | BK25: =VLOOKUP(Hoja1!$B25,Tabla2[[#All],[ID_TRANSACCION]],1,FALSE) -> BO_FS_202605142661045_29168783
A26: 14/05/2026 0:00:00 | B26: BO_FS_202605142661655_29173424 | C26: 29173424 | D26: NULL | E26: 17/05/2026 0:00:00 | F26: NULL | G26: NULL | H26: Hope Noemy PONCE MENDOZA | I26: 2661655 | J26: NULL | K26: bgalarzaponce@gmail.com | L26: Instalacion | M26: 14/05/2026 0:00:00 | N26: Instalacion / Activacion | O26: No | P26: NULL | Q26: 8 | R26: NULL | S26: NULL | T26: NULL | U26: NULL | V26: SI | W26: Yes | X26: HFC | Y26: NULL | Z26: PASIVO | AA26: NULL | AB26: NULL | AC26: NULL | AD26: NULL | AE26: NULL | AF26: NULL | AG26: NULL | AH26: SANTA CRUZ | AI26: SANTA CRUZ CAP | AJ26: JOSE JONATHAN VERA GUTIERREZ | AK26: 2661655 | AL26: 29173424 | AM26: Hope Noemy PONCE MENDOZA | AN26: CONECTADO | AO26: SANTA CRUZ | AP26: EAST | AQ26: SANTA CRUZ CAP | AR26: URBANA | AS26: HFC | AT26: I | AU26: FINALIZADA | AV26: 13/05/2026 0:00:00 | AW26: 13/05/2026 9:13:50 | AX26: 202605 | AY26: 14 | AZ26: 14/05/2026 0:00:00 | BA26: 14/05/2026 12:25:02 | BB26: NODO GRD178 | BC26: NODO GRD178 RAMAL D TAP 044 | BD26: MAKIRO | BE26: 3744 | BF26: DANIEL CARREÑO ROJAS | BG26: MAKIRO | BH26: 25/05/2026 16:02:39 | BI26: 16557 | BK26: =VLOOKUP(Hoja1!$B26,Tabla2[[#All],[ID_TRANSACCION]],1,FALSE) -> BO_FS_202605142661655_29173424
A27: 21/05/2026 0:00:00 | B27: BO_FS_202605212665678_29200626 | C27: 29200626 | D27: NULL | E27: 24/05/2026 0:00:00 | F27: NULL | G27: NULL | H27: Jhon Daniel JAIMES CARVALLO | I27: 2665678 | J27: NULL | K27: jaimesdaniel082@gmail.com | L27: Instalacion | M27: 21/05/2026 0:00:00 | N27: Instalacion / Activacion | O27: No | P27: NULL | Q27: 10 | R27: Asistencia rapida | S27: NULL | T27: NULL | U27: NULL | V27: SI | W27: Yes | X27: HFC | Y27: NULL | Z27: PROMOTOR | AA27: NULL | AB27: NULL | AC27: NULL | AD27: NULL | AE27: NULL | AF27: NULL | AG27: NULL | AH27: SANTA CRUZ | AI27: SANTA CRUZ CAP | AJ27: JOSE JONATHAN VERA GUTIERREZ | AK27: 2665678 | AL27: 29200626 | AM27: Jhon Daniel JAIMES CARVALLO | AN27: CONECTADO | AO27: SANTA CRUZ | AP27: EAST | AQ27: SANTA CRUZ CAP | AR27: URBANA | AS27: HFC | AT27: I | AU27: FINALIZADA | AV27: 20/05/2026 0:00:00 | AW27: 20/05/2026 16:11:23 | AX27: 202605 | AY27: 21 | AZ27: 21/05/2026 0:00:00 | BA27: 21/05/2026 9:47:23 | BB27: NODO SCZ846 | BC27: NODO SCZ846 RAMAL B TAP 030 | BD27: MAKIRO | BE27: 3744 | BF27: DANIEL CARREÑO ROJAS | BG27: MAKIRO | BH27: 25/05/2026 16:02:39 | BI27: 16559 | BK27: =VLOOKUP(Hoja1!$B27,Tabla2[[#All],[ID_TRANSACCION]],1,FALSE) -> BO_FS_202605212665678_29200626
A28: 23/05/2026 0:00:00 | B28: BO_FS_202605232666965_29209953 | C28: 29209953 | D28: NULL | E28: 24/05/2026 0:00:00 | F28: NULL | G28: NULL | H28: ANTONIO YAVITA ROSALES | I28: 2666965 | J28: NULL | K28: guirapoiguayavitajudith@gmail.com | L28: Instalacion | M28: 23/05/2026 0:00:00 | N28: Instalacion / Activacion | O28: No | P28: NULL | Q28: 8 | R28: NULL | S28: NULL | T28: NULL | U28: NULL | V28: SI | W28: Yes | X28: HFC | Y28: NULL | Z28: PASIVO | AA28: NULL | AB28: NULL | AC28: NULL | AD28: NULL | AE28: NULL | AF28: NULL | AG28: NULL | AH28: SANTA CRUZ | AI28: SANTA CRUZ CAP | AJ28: JOSE JONATHAN VERA GUTIERREZ | AK28: 2666965 | AL28: 29209953 | AM28: ANTONIO YAVITA ROSALES | AN28: CONECTADO | AO28: SANTA CRUZ | AP28: EAST | AQ28: SANTA CRUZ CAP | AR28: URBANA | AS28: HFC | AT28: I | AU28: FINALIZADA | AV28: 23/05/2026 0:00:00 | AW28: 23/05/2026 11:17:45 | AX28: 202605 | AY28: 23 | AZ28: 23/05/2026 0:00:00 | BA28: 23/05/2026 12:38:25 | BB28: NODO SCZ271 | BC28: NODO SCZ271 RAMAL D TAP 010 | BD28: MAKIRO | BE28: 3744 | BF28: DANIEL CARREÑO ROJAS | BG28: MAKIRO | BH28: 25/05/2026 16:02:39 | BI28: 16561 | BK28: =VLOOKUP(Hoja1!$B28,Tabla2[[#All],[ID_TRANSACCION]],1,FALSE) -> BO_FS_202605232666965_29209953
A29: 23/05/2026 0:00:00 | B29: BO_FS_202605232666994_29208851 | C29: 29208851 | D29: NULL | E29: 24/05/2026 0:00:00 | F29: NULL | G29: NULL | H29: Israel ZEBALLOS TORRICO | I29: 2666994 | J29: NULL | K29: israelzeballostorrico250@gmail.com | L29: Instalacion | M29: 23/05/2026 0:00:00 | N29: Instalacion / Activacion | O29: No | P29: NULL | Q29: 10 | R29: NULL | S29: NULL | T29: NULL | U29: NULL | V29: SI | W29: Yes | X29: HFC | Y29: NULL | Z29: PROMOTOR | AA29: NULL | AB29: NULL | AC29: NULL | AD29: NULL | AE29: NULL | AF29: NULL | AG29: NULL | AH29: SANTA CRUZ | AI29: SANTA CRUZ CAP | AJ29: JOSE JONATHAN VERA GUTIERREZ | AK29: 2666994 | AL29: 29208851 | AM29: Israel ZEBALLOS TORRICO | AN29: CONECTADO | AO29: SANTA CRUZ | AP29: EAST | AQ29: SANTA CRUZ CAP | AR29: URBANA | AS29: HFC | AT29: I | AU29: FINALIZADA | AV29: 22/05/2026 0:00:00 | AW29: 22/05/2026 19:31:01 | AX29: 202605 | AY29: 23 | AZ29: 23/05/2026 0:00:00 | BA29: 23/05/2026 10:47:01 | BB29: NODO SCZ287 | BC29: NODO SCZ287 RAMAL C TAP 018 | BD29: MAKIRO | BE29: 3744 | BF29: DANIEL CARREÑO ROJAS | BG29: MAKIRO | BH29: 25/05/2026 16:02:39 | BI29: 16562 | BK29: =VLOOKUP(Hoja1!$B29,Tabla2[[#All],[ID_TRANSACCION]],1,FALSE) -> BO_FS_202605232666994_29208851
A30: 23/05/2026 0:00:00 | B30: BO_FS_202605232480261_29210542 | C30: 29210542 | D30: NULL | E30: 24/05/2026 0:00:00 | F30: NULL | G30: NULL | H30: ALFREDO VACA CASTRO | I30: 2480261 | J30: NULL | K30: sincorreo@sincorreo.com | L30: Instalacion | M30: 23/05/2026 0:00:00 | N30: Instalacion / Activacion | O30: No | P30: NULL | Q30: 9 | R30: Buena presencia, buena atención | S30: NULL | T30: NULL | U30: NULL | V30: SI | W30: Yes | X30: HFC | Y30: NULL | Z30: PROMOTOR | AA30: NULL | AB30: NULL | AC30: NULL | AD30: NULL | AE30: NULL | AF30: NULL | AG30: NULL | AH30: SANTA CRUZ | AI30: SANTA CRUZ CAP | AJ30: JOSE JONATHAN VERA GUTIERREZ | AK30: 2480261 | AL30: 29210542 | AM30: ALFREDO VACA CASTRO | AN30: CONECTADO | AO30: SANTA CRUZ | AP30: EAST | AQ30: SANTA CRUZ CAP | AR30: URBANA | AS30: HFC | AT30: I | AU30: FINALIZADA | AV30: 23/05/2026 0:00:00 | AW30: 23/05/2026 13:08:47 | AX30: 202605 | AY30: 23 | AZ30: 23/05/2026 0:00:00 | BA30: 23/05/2026 15:34:17 | BB30: NODO SCZ191 | BC30: NODO SCZ191 RAMAL B TAP 052 | BD30: MAKIRO | BE30: 3744 | BF30: DANIEL CARREÑO ROJAS | BG30: MAKIRO | BH30: 25/05/2026 16:02:39 | BI30: 16565 | BK30: =VLOOKUP(Hoja1!$B30,Tabla2[[#All],[ID_TRANSACCION]],1,FALSE) -> BO_FS_202605232480261_29210542
A31: 46117 | B31: BO_FS_202605042656640_29119172 | C31: 29119172 | D31: NULL | E31: 46208 | F31: NULL | G31: NULL | H31: NELSON ROCA COPA | I31: 2656640 | J31: NULL | K31: rocacopanelson8@gmail.com | L31: Instalacion | M31: 46117 | N31: Instalacion / Activacion | O31: No | P31: NULL | Q31: 10 | R31: Exelente servicio | S31: NULL | T31: NULL | U31: NULL | V31: SI | W31: Yes | X31: HFC | Y31: NULL | Z31: PROMOTOR | AA31: NULL | AB31: NULL | AC31: NULL | AD31: NULL | AE31: NULL | AF31: NULL | AG31: NULL | AH31: SANTA CRUZ | AI31: SANTA CRUZ CAP | AJ31: JOSE JONATHAN VERA GUTIERREZ | AK31: 2656640 | AL31: 29119172 | AM31: NELSON ROCA COPA | AN31: CONECTADO | AO31: SANTA CRUZ | AP31: EAST | AQ31: SANTA CRUZ CAP | AR31: URBANA | AS31: HFC | AT31: I | AU31: FINALIZADA | AV31: 46117 | AW31: 46117.481 | AX31: 202605 | AY31: 4 | AZ31: 46117 | BA31: 46117.538 | BB31: NODO SCZ270 | BC31: NODO SCZ270 RAMAL C TAP 023 | BD31: MAKIRO | BE31: 3744 | BF31: DANIEL CARREÑO ROJAS | BG31: MAKIRO | BH31: 25/05/2026 16:02:39 | BI31: 16602 | BJ31: =CONS -> #NAME? | BK31: =VLOOKUP(Hoja1!$B31,Tabla2[[#All],[ID_TRANSACCION]],1,FALSE) -> BO_FS_202605042656640_29119172
A32: 16/05/2026 0:00:00 | B32: BO_FS_202605162663801_29186660 | C32: 29186660 | D32: NULL | E32: 17/05/2026 0:00:00 | F32: NULL | G32: NULL | H32: Heidy AGUILAR ESPINOZA | I32: 2663801 | J32: NULL | K32: heidyaguilarewpinoza@gmail.com | L32: Instalacion | M32: 16/05/2026 0:00:00 | N32: Instalacion / Activacion | O32: No | P32: NULL | Q32: 10 | R32: NULL | S32: NULL | T32: NULL | U32: NULL | V32: SI | W32: Yes | X32: HFC | Y32: NULL | Z32: PROMOTOR | AA32: NULL | AB32: NULL | AC32: NULL | AD32: NULL | AE32: NULL | AF32: NULL | AG32: NULL | AH32: SANTA CRUZ | AI32: SANTA CRUZ CAP | AJ32: JOSE JONATHAN VERA GUTIERREZ | AK32: 2663801 | AL32: 29186660 | AM32: Heidy AGUILAR ESPINOZA | AN32: CONECTADO | AO32: SANTA CRUZ | AP32: EAST | AQ32: SANTA CRUZ CAP | AR32: URBANA | AS32: HFC | AT32: I | AU32: FINALIZADA | AV32: 16/05/2026 0:00:00 | AW32: 16/05/2026 10:38:32 | AX32: 202605 | AY32: 16 | AZ32: 16/05/2026 0:00:00 | BA32: 16/05/2026 14:42:55 | BB32: NODO SCZ209 | BC32: NODO SCZ209 RAMAL A TAP 031 | BD32: MAKIRO | BE32: 3744 | BF32: DANIEL CARREÑO ROJAS | BG32: MAKIRO | BH32: 25/05/2026 16:02:39 | BI32: 16603 | BK32: =VLOOKUP(Hoja1!$B32,Tabla2[[#All],[ID_TRANSACCION]],1,FALSE) -> BO_FS_202605162663801_29186660
A33: 17/05/2026 0:00:00 | B33: BO_FS_202605172663715_29185528 | C33: 29185528 | D33: NULL | E33: 17/05/2026 0:00:00 | F33: NULL | G33: NULL | H33: ALDRIN JUSTINIANO MONTERO | I33: 2663715 | J33: NULL | K33: aldrinjustiniano@gmail.com | L33: Instalacion | M33: 17/05/2026 0:00:00 | N33: Instalacion / Activacion | O33: No | P33: NULL | Q33: 10 | R33: Por qué es un buen servicio | S33: NULL | T33: NULL | U33: NULL | V33: SI | W33: Yes | X33: HFC | Y33: NULL | Z33: PROMOTOR | AA33: NULL | AB33: NULL | AC33: NULL | AD33: NULL | AE33: NULL | AF33: NULL | AG33: NULL | AH33: SANTA CRUZ | AI33: SANTA CRUZ CAP | AJ33: JOSE JONATHAN VERA GUTIERREZ | AK33: 2663715 | AL33: 29185528 | AM33: ALDRIN JUSTINIANO MONTERO | AN33: CONECTADO | AO33: SANTA CRUZ | AP33: EAST | AQ33: SANTA CRUZ CAP | AR33: URBANA | AS33: HFC | AT33: I | AU33: FINALIZADA | AV33: 15/05/2026 0:00:00 | AW33: 15/05/2026 20:45:21 | AX33: 202605 | AY33: 17 | AZ33: 17/05/2026 0:00:00 | BA33: 17/05/2026 9:30:18 | BB33: NODO GRD181 | BC33: NODO GRD181 RAMAL D TAP 031 | BD33: MAKIRO | BE33: 3744 | BF33: DANIEL CARREÑO ROJAS | BG33: MAKIRO | BH33: 25/05/2026 16:02:39 | BI33: 16608 | BK33: =VLOOKUP(Hoja1!$B33,Tabla2[[#All],[ID_TRANSACCION]],1,FALSE) -> BO_FS_202605172663715_29185528
A34: 14/05/2026 0:00:00 | B34: BO_FS_202605142662574_29178234 | C34: 29178234 | D34: NULL | E34: 17/05/2026 0:00:00 | F34: NULL | G34: NULL | H34: Fabiana ROJAS ARISPE | I34: 2662574 | J34: NULL | K34: fabianaroja2003@gmail.com | L34: Instalacion | M34: 14/05/2026 0:00:00 | N34: Instalacion / Activacion | O34: No | P34: NULL | Q34: 10 | R34: NULL | S34: NULL | T34: NULL | U34: NULL | V34: SI | W34: Yes | X34: HFC | Y34: NULL | Z34: PROMOTOR | AA34: NULL | AB34: NULL | AC34: NULL | AD34: NULL | AE34: NULL | AF34: NULL | AG34: NULL | AH34: SANTA CRUZ | AI34: SANTA CRUZ CAP | AJ34: JOSE JONATHAN VERA GUTIERREZ | AK34: 2662574 | AL34: 29178234 | AM34: Fabiana ROJAS ARISPE | AN34: CONECTADO | AO34: SANTA CRUZ | AP34: EAST | AQ34: SANTA CRUZ CAP | AR34: URBANA | AS34: HFC | AT34: I | AU34: FINALIZADA | AV34: 14/05/2026 0:00:00 | AW34: 14/05/2026 9:08:59 | AX34: 202605 | AY34: 14 | AZ34: 14/05/2026 0:00:00 | BA34: 14/05/2026 14:20:03 | BB34: NODO GRD269 | BC34: NODO GRD269 RAMAL C TAP 007 | BD34: MAKIRO | BE34: 3744 | BF34: DANIEL CARREÑO ROJAS | BG34: MAKIRO | BH34: 25/05/2026 16:02:39 | BI34: 16609 | BK34: =VLOOKUP(Hoja1!$B34,Tabla2[[#All],[ID_TRANSACCION]],1,FALSE) -> BO_FS_202605142662574_29178234
A35: 17/05/2026 0:00:00 | B35: BO_FS_202605172664029_29188289 | C35: 29188289 | D35: NULL | E35: 17/05/2026 0:00:00 | F35: NULL | G35: NULL | H35: Matias TORRICO ORELLANA | I35: 2664029 | J35: NULL | K35: Torrioorellanamatias@gmail.com | L35: Instalacion | M35: 17/05/2026 0:00:00 | N35: Instalacion / Activacion | O35: No | P35: NULL | Q35: 10 | R35: Muy eficiente en la instalación del equipo | S35: NULL | T35: NULL | U35: NULL | V35: NO | W35: Yes | X35: HFC | Y35: NULL | Z35: PROMOTOR | AA35: NULL | AB35: NULL | AC35: NULL | AD35: NULL | AE35: NULL | AF35: NULL | AG35: NULL | AH35: SANTA CRUZ | AI35: SANTA CRUZ CAP | AJ35: JOSE JONATHAN VERA GUTIERREZ | AK35: 2664029 | AL35: 29188289 | AM35: Matias TORRICO ORELLANA | AN35: CONECTADO | AO35: SANTA CRUZ | AP35: EAST | AQ35: SANTA CRUZ CAP | AR35: URBANA | AS35: HFC | AT35: I | AU35: FINALIZADA | AV35: 16/05/2026 0:00:00 | AW35: 16/05/2026 20:21:41 | AX35: 202605 | AY35: 17 | AZ35: 17/05/2026 0:00:00 | BA35: 17/05/2026 12:59:01 | BB35: NODO GRD181 | BC35: NODO GRD181 RAMAL A TAP 015 | BD35: MAKIRO | BE35: 3744 | BF35: DANIEL CARREÑO ROJAS | BG35: MAKIRO | BH35: 25/05/2026 16:02:39 | BI35: 16610 | BK35: =VLOOKUP(Hoja1!$B35,Tabla2[[#All],[ID_TRANSACCION]],1,FALSE) -> BO_FS_202605172664029_29188289
A36: 19/05/2026 0:00:00 | B36: BO_FS_202605192661004_29179752 | C36: 29179752 | D36: NULL | E36: 20/05/2026 0:00:00 | F36: NULL | G36: NULL | H36: JHOJAN JHOSIT MARQUEZ CORREA | I36: 2661004 | J36: NULL | K36: jhojandextroyer@gmail.com | L36: Instalacion | M36: 19/05/2026 0:00:00 | N36: Instalacion / Activacion | O36: No | P36: NULL | Q36: 10 | R36: NULL | S36: NULL | T36: NULL | U36: NULL | V36: SI | W36: Yes | X36: HFC | Y36: NULL | Z36: PROMOTOR | AA36: NULL | AB36: NULL | AC36: NULL | AD36: NULL | AE36: NULL | AF36: NULL | AG36: NULL | AH36: SANTA CRUZ | AI36: SANTA CRUZ CAP | AJ36: JOSE JONATHAN VERA GUTIERREZ | AK36: 2661004 | AL36: 29179752 | AM36: JHOJAN JHOSIT MARQUEZ CORREA | AN36: CONECTADO | AO36: SANTA CRUZ | AP36: EAST | AQ36: SANTA CRUZ CAP | AR36: URBANA | AS36: HFC | AT36: I | AU36: FINALIZADA | AV36: 19/05/2026 0:00:00 | AW36: 19/05/2026 11:19:16 | AX36: 202605 | AY36: 19 | AZ36: 19/05/2026 0:00:00 | BA36: 19/05/2026 17:01:03 | BB36: NODO SCZ270 | BC36: NODO SCZ270 RAMAL C TAP 032 | BD36: MAKIRO | BE36: 3744 | BF36: DANIEL CARREÑO ROJAS | BG36: MAKIRO | BH36: 25/05/2026 16:02:39 | BI36: 16662 | BK36: =VLOOKUP(Hoja1!$B36,Tabla2[[#All],[ID_TRANSACCION]],1,FALSE) -> BO_FS_202605192661004_29179752
A37: 13/05/2026 0:00:00 | B37: BO_FS_202605132660360_29162779 | C37: 29162779 | D37: NULL | E37: 13/05/2026 0:00:00 | F37: NULL | G37: NULL | H37: GEIDY LUCIANA PERALTA SOLIZ | I37: 2660360 | J37: NULL | K37: junior123elmen@gmail.com | L37: Instalacion | M37: 13/05/2026 0:00:00 | N37: Instalacion / Activacion | O37: No | P37: NULL | Q37: 9 | R37: Buen servicio | S37: NULL | T37: NULL | U37: NULL | V37: SI | W37: Yes | X37: HFC | Y37: NULL | Z37: PROMOTOR | AA37: NULL | AB37: NULL | AC37: NULL | AD37: NULL | AE37: NULL | AF37: NULL | AG37: NULL | AH37: SANTA CRUZ | AI37: SANTA CRUZ CAP | AJ37: JOSE JONATHAN VERA GUTIERREZ | AK37: 2660360 | AL37: 29162779 | AM37: GEIDY LUCIANA PERALTA SOLIZ | AN37: CONECTADO | AO37: SANTA CRUZ | AP37: EAST | AQ37: SANTA CRUZ CAP | AR37: URBANA | AS37: HFC | AT37: I | AU37: FINALIZADA | AV37: 13/05/2026 0:00:00 | AW37: 13/05/2026 9:42:10 | AX37: 202605 | AY37: 13 | AZ37: 13/05/2026 0:00:00 | BA37: 13/05/2026 17:22:08 | BB37: NODO SCZ291 | BC37: NODO SCZ291 RAMAL D TAP 039 | BD37: MAKIRO | BE37: 3744 | BF37: DANIEL CARREÑO ROJAS | BG37: MAKIRO | BH37: 25/05/2026 16:02:39 | BI37: 16693 | BK37: =VLOOKUP(Hoja1!$B37,Tabla2[[#All],[ID_TRANSACCION]],1,FALSE) -> BO_FS_202605132660360_29162779
A38: 46361 | B38: BO_FS_202605122661514_29170502 | C38: 29170502 | D38: NULL | E38: 13/05/2026 0:00:00 | F38: NULL | G38: NULL | H38: RUBEN DARIO CUELLAR CARDENAS | I38: 2661514 | J38: NULL | K38: rubendariocuellar@gmail.com | L38: Instalacion | M38: 46361 | N38: Instalacion / Activacion | O38: No | P38: NULL | Q38: 10 | R38: NULL | S38: NULL | T38: NULL | U38: NULL | V38: SI | W38: Yes | X38: HFC | Y38: NULL | Z38: PROMOTOR | AA38: NULL | AB38: NULL | AC38: NULL | AD38: NULL | AE38: NULL | AF38: NULL | AG38: NULL | AH38: SANTA CRUZ | AI38: SANTA CRUZ CAP | AJ38: JOSE JONATHAN VERA GUTIERREZ | AK38: 2661514 | AL38: 29170502 | AM38: RUBEN DARIO CUELLAR CARDENAS | AN38: CONECTADO | AO38: SANTA CRUZ | AP38: EAST | AQ38: SANTA CRUZ CAP | AR38: URBANA | AS38: HFC | AT38: I | AU38: FINALIZADA | AV38: 46361 | AW38: 46361.578 | AX38: 202605 | AY38: 12 | AZ38: 46361 | BA38: 46361.681 | BB38: NODO SCZ337 | BC38: NODO SCZ337 RAMAL C TAP 008 | BD38: MAKIRO | BE38: 3744 | BF38: DANIEL CARREÑO ROJAS | BG38: MAKIRO | BH38: 25/05/2026 16:02:39 | BI38: 16694 | BJ38: =CONS -> #NAME? | BK38: =VLOOKUP(Hoja1!$B38,Tabla2[[#All],[ID_TRANSACCION]],1,FALSE) -> BO_FS_202605122661514_29170502
A39: 13/05/2026 0:00:00 | B39: BO_FS_202605132661220_29169248 | C39: 29169248 | D39: NULL | E39: 13/05/2026 0:00:00 | F39: NULL | G39: NULL | H39: Fructuosa HERRERA HINOJOSA | I39: 2661220 | J39: NULL | K39: fructuosaherrera@gmail.com | L39: Instalacion | M39: 13/05/2026 0:00:00 | N39: Instalacion / Activacion | O39: No | P39: NULL | Q39: 10 | R39: Buen trabajo | S39: NULL | T39: NULL | U39: NULL | V39: SI | W39: Yes | X39: HFC | Y39: NULL | Z39: PROMOTOR | AA39: NULL | AB39: NULL | AC39: NULL | AD39: NULL | AE39: NULL | AF39: NULL | AG39: NULL | AH39: SANTA CRUZ | AI39: SANTA CRUZ CAP | AJ39: JOSE JONATHAN VERA GUTIERREZ | AK39: 2661220 | AL39: 29169248 | AM39: Fructuosa HERRERA HINOJOSA | AN39: CONECTADO | AO39: SANTA CRUZ | AP39: EAST | AQ39: SANTA CRUZ CAP | AR39: URBANA | AS39: HFC | AT39: I | AU39: FINALIZADA | AV39: 46361 | AW39: 46361.46 | AX39: 202605 | AY39: 13 | AZ39: 13/05/2026 0:00:00 | BA39: 13/05/2026 9:12:36 | BB39: NODO SCZ272 | BC39: NODO SCZ272 RAMAL C TAP 019 | BD39: MAKIRO | BE39: 3744 | BF39: DANIEL CARREÑO ROJAS | BG39: MAKIRO | BH39: 25/05/2026 16:02:39 | BI39: 16695 | BK39: =VLOOKUP(Hoja1!$B39,Tabla2[[#All],[ID_TRANSACCION]],1,FALSE) -> BO_FS_202605132661220_29169248
A40: 46361 | B40: BO_FS_202605122660805_29166472 | C40: 29166472 | D40: NULL | E40: 13/05/2026 0:00:00 | F40: NULL | G40: NULL | H40: JORGE ZABALA BECERRA | I40: 2660805 | J40: NULL | K40: Shadowalfabravo@gmail.com | L40: Instalacion | M40: 46361 | N40: Instalacion / Activacion | O40: No | P40: NULL | Q40: 9 | R40: Todo excelente por los instaladores pero solo permiten el lago del cable 50 m. Por lo que eso complica la instalación a veces | S40: NULL | T40: NULL | U40: NULL | V40: SI | W40: Yes | X40: HFC | Y40: NULL | Z40: PROMOTOR | AA40: NULL | AB40: NULL | AC40: NULL | AD40: NULL | AE40: NULL | AF40: NULL | AG40: NULL | AH40: SANTA CRUZ | AI40: SANTA CRUZ CAP | AJ40: JOSE JONATHAN VERA GUTIERREZ | AK40: 2660805 | AL40: 29166472 | AM40: JORGE ZABALA BECERRA | AN40: CONECTADO | AO40: SANTA CRUZ | AP40: EAST | AQ40: SANTA CRUZ CAP | AR40: URBANA | AS40: HFC | AT40: I | AU40: FINALIZADA | AV40: 46300 | AW40: 46300.504 | AX40: 202605 | AY40: 12 | AZ40: 46361 | BA40: 46361.621 | BB40: NODO SCZ291 | BC40: NODO SCZ291 RAMAL C TAP 016 | BD40: MAKIRO | BE40: 3744 | BF40: DANIEL CARREÑO ROJAS | BG40: MAKIRO | BH40: 25/05/2026 16:02:39 | BI40: 16696 | BJ40: =CONS -> #NAME? | BK40: =VLOOKUP(Hoja1!$B40,Tabla2[[#All],[ID_TRANSACCION]],1,FALSE) -> BO_FS_202605122660805_29166472
A41: 46361 | B41: BO_FS_202605122660786_29166307 | C41: 29166307 | D41: NULL | E41: 13/05/2026 0:00:00 | F41: NULL | G41: NULL | H41: ERIK DANIEL AGUILAR GONZALES | I41: 2660786 | J41: NULL | K41: erikdanielaguilargonzales01@gmail.com | L41: Instalacion | M41: 46361 | N41: Instalacion / Activacion | O41: No | P41: NULL | Q41: 10 | R41: Fue muy amable al instalar y me ayudó a poder colectar en un buen lugar , muy buena atención | S41: NULL | T41: NULL | U41: NULL | V41: SI | W41: Yes | X41: HFC | Y41: NULL | Z41: PROMOTOR | AA41: NULL | AB41: NULL | AC41: NULL | AD41: NULL | AE41: NULL | AF41: NULL | AG41: NULL | AH41: SANTA CRUZ | AI41: SANTA CRUZ CAP | AJ41: JOSE JONATHAN VERA GUTIERREZ | AK41: 2660786 | AL41: 29166307 | AM41: ERIK DANIEL AGUILAR GONZALES | AN41: CONECTADO | AO41: SANTA CRUZ | AP41: EAST | AQ41: SANTA CRUZ CAP | AR41: URBANA | AS41: HFC | AT41: I | AU41: FINALIZADA | AV41: 46300 | AW41: 46300.442 | AX41: 202605 | AY41: 12 | AZ41: 46361 | BA41: 46361.439 | BB41: NODO SCZ275 | BC41: NODO SCZ275 RAMAL C TAP 022 | BD41: MAKIRO | BE41: 3744 | BF41: DANIEL CARREÑO ROJAS | BG41: MAKIRO | BH41: 25/05/2026 16:02:39 | BI41: 16713 | BJ41: =CONS -> #NAME? | BK41: =VLOOKUP(Hoja1!$B41,Tabla2[[#All],[ID_TRANSACCION]],1,FALSE) -> BO_FS_202605122660786_29166307
A42: 46361 | B42: BO_FS_202605122660779_29166247 | C42: 29166247 | D42: NULL | E42: 13/05/2026 0:00:00 | F42: NULL | G42: NULL | H42: MARCO ANTONIO OLIVERA RAMOS | I42: 2660779 | J42: NULL | K42: deliciaoliveraramos@gmail.com | L42: Instalacion | M42: 46361 | N42: Instalacion / Activacion | O42: No | P42: NULL | Q42: 10 | R42: NULL | S42: NULL | T42: NULL | U42: NULL | V42: SI | W42: Yes | X42: HFC | Y42: NULL | Z42: PROMOTOR | AA42: NULL | AB42: NULL | AC42: NULL | AD42: NULL | AE42: NULL | AF42: NULL | AG42: NULL | AH42: SANTA CRUZ | AI42: SANTA CRUZ CAP | AJ42: JOSE JONATHAN VERA GUTIERREZ | AK42: 2660779 | AL42: 29166247 | AM42: MARCO ANTONIO OLIVERA RAMOS | AN42: CONECTADO | AO42: SANTA CRUZ | AP42: EAST | AQ42: SANTA CRUZ CAP | AR42: URBANA | AS42: HFC | AT42: I | AU42: FINALIZADA | AV42: 46300 | AW42: 46300.408 | AX42: 202605 | AY42: 12 | AZ42: 46361 | BA42: 46361.439 | BB42: NODO SCZ290 | BC42: NODO SCZ290 RAMAL A TAP 018 | BD42: MAKIRO | BE42: 3744 | BF42: DANIEL CARREÑO ROJAS | BG42: MAKIRO | BH42: 25/05/2026 16:02:39 | BI42: 16714 | BJ42: =CONS -> #NAME? | BK42: =VLOOKUP(Hoja1!$B42,Tabla2[[#All],[ID_TRANSACCION]],1,FALSE) -> BO_FS_202605122660779_29166247
A43: 13/05/2026 0:00:00 | B43: BO_FS_202605132657172_29122286 | C43: 29122286 | D43: NULL | E43: 13/05/2026 0:00:00 | F43: NULL | G43: NULL | H43: VEIMAR MAMANI CASTRO | I43: 2657172 | J43: NULL | K43: veimarmamanicastro1999i@gmail.com | L43: Instalacion | M43: 13/05/2026 0:00:00 | N43: Instalacion / Activacion | O43: No | P43: NULL | Q43: 10 | R43: Servicio apacible. Asesores con capacidad de entender la necesidad que tenemos los clientes | S43: NULL | T43: NULL | U43: NULL | V43: SI | W43: Yes | X43: HFC | Y43: NULL | Z43: PROMOTOR | AA43: NULL | AB43: NULL | AC43: NULL | AD43: NULL | AE43: NULL | AF43: NULL | AG43: NULL | AH43: SANTA CRUZ | AI43: SANTA CRUZ CAP | AJ43: JOSE JONATHAN VERA GUTIERREZ | AK43: 2657172 | AL43: 29122286 | AM43: VEIMAR MAMANI CASTRO | AN43: CONECTADO | AO43: SANTA CRUZ | AP43: EAST | AQ43: SANTA CRUZ CAP | AR43: URBANA | AS43: HFC | AT43: I | AU43: FINALIZADA | AV43: 46300 | AW43: 46300.673 | AX43: 202605 | AY43: 13 | AZ43: 13/05/2026 0:00:00 | BA43: 13/05/2026 15:56:13 | BB43: NODO SCZ272 | BC43: NODO SCZ272 RAMAL D TAP 019 | BD43: MAKIRO | BE43: 3744 | BF43: DANIEL CARREÑO ROJAS | BG43: MAKIRO | BH43: 25/05/2026 16:02:39 | BI43: 16715 | BK43: =VLOOKUP(Hoja1!$B43,Tabla2[[#All],[ID_TRANSACCION]],1,FALSE) -> BO_FS_202605132657172_29122286
A44: 13/05/2026 0:00:00 | B44: BO_FS_202605132661737_29172091 | C44: 29172091 | D44: NULL | E44: 13/05/2026 0:00:00 | F44: NULL | G44: NULL | H44: Wendy MENDOZA CORTEZ | I44: 2661737 | J44: NULL | K44: Wendymendoa21@gmail.com | L44: Instalacion | M44: 13/05/2026 0:00:00 | N44: Instalacion / Activacion | O44: No | P44: NULL | Q44: 10 | R44: Buen servicio | S44: NULL | T44: NULL | U44: NULL | V44: SI | W44: Yes | X44: HFC | Y44: NULL | Z44: PROMOTOR | AA44: NULL | AB44: NULL | AC44: NULL | AD44: NULL | AE44: NULL | AF44: NULL | AG44: NULL | AH44: SANTA CRUZ | AI44: SANTA CRUZ CAP | AJ44: JOSE JONATHAN VERA GUTIERREZ | AK44: 2661737 | AL44: 29172091 | AM44: Wendy MENDOZA CORTEZ | AN44: CONECTADO | AO44: SANTA CRUZ | AP44: EAST | AQ44: SANTA CRUZ CAP | AR44: URBANA | AS44: HFC | AT44: I | AU44: FINALIZADA | AV44: 46361 | AW44: 46361.725 | AX44: 202605 | AY44: 13 | AZ44: 13/05/2026 0:00:00 | BA44: 13/05/2026 11:09:51 | BB44: NODO SCZ266 | BC44: NODO SCZ266 RAMAL C TAP 020 | BD44: MAKIRO | BE44: 3744 | BF44: DANIEL CARREÑO ROJAS | BG44: MAKIRO | BH44: 25/05/2026 16:02:39 | BI44: 16716 | BK44: =VLOOKUP(Hoja1!$B44,Tabla2[[#All],[ID_TRANSACCION]],1,FALSE) -> BO_FS_202605132661737_29172091
A45: 26/05/2026 0:00:00 | B45: BO_FS_202605262667547_29212416 | C45: 29212416 | D45: NULL | E45: 26/05/2026 0:00:00 | F45: NULL | G45: NULL | H45: Carmelo MAMANI MAMANI | I45: 2667547 | J45: NULL | K45: carmelommamani@gmail.com | L45: Instalacion | M45: 26/05/2026 0:00:00 | N45: Instalacion / Activacion | O45: No | P45: NULL | Q45: 10 | R45: NULL | S45: NULL | T45: NULL | U45: NULL | V45: SI | W45: Yes | X45: HFC | Y45: NULL | Z45: PROMOTOR | AA45: NULL | AB45: NULL | AC45: NULL | AD45: NULL | AE45: NULL | AF45: NULL | AG45: NULL | AH45: SANTA CRUZ | AI45: SANTA CRUZ CAP | AJ45: JOSE JONATHAN VERA GUTIERREZ | AK45: 2667547 | AL45: 29212416 | AM45: Carmelo MAMANI MAMANI | AN45: CONECTADO | AO45: SANTA CRUZ | AP45: EAST | AQ45: SANTA CRUZ CAP | AR45: URBANA | AS45: HFC | AT45: I | AU45: FINALIZADA | AV45: 24/05/2026 0:00:00 | AW45: 24/05/2026 15:38:05 | AX45: 202605 | AY45: 26 | AZ45: 26/05/2026 0:00:00 | BA45: 26/05/2026 14:47:03 | BB45: NODO GRD290 | BC45: NODO GRD290 RAMAL A TAP 019 | BD45: MAKIRO | BE45: 3744 | BF45: DANIEL CARREÑO ROJAS | BG45: MAKIRO | BH45: 27/05/2026 16:03:01 | BI45: 17179 | BK45: =VLOOKUP(Hoja1!$B45,Tabla2[[#All],[ID_TRANSACCION]],1,FALSE) -> BO_FS_202605262667547_29212416
A46: 26/05/2026 0:00:00 | B46: BO_FS_202605262668153_29216737 | C46: 29216737 | D46: NULL | E46: 26/05/2026 0:00:00 | F46: NULL | G46: NULL | H46: FELICIANO AYALA URQUIZA | I46: 2668153 | J46: NULL | K46: sincorreo@gmail.com | L46: Instalacion | M46: 26/05/2026 0:00:00 | N46: Instalacion / Activacion | O46: No | P46: NULL | Q46: 9 | R46: Buena atención | S46: NULL | T46: NULL | U46: NULL | V46: SI | W46: Yes | X46: HFC | Y46: NULL | Z46: PROMOTOR | AA46: NULL | AB46: NULL | AC46: NULL | AD46: NULL | AE46: NULL | AF46: NULL | AG46: NULL | AH46: SANTA CRUZ | AI46: SANTA CRUZ CAP | AJ46: JOSE JONATHAN VERA GUTIERREZ | AK46: 2668153 | AL46: 29216737 | AM46: FELICIANO AYALA URQUIZA | AN46: CONECTADO | AO46: SANTA CRUZ | AP46: EAST | AQ46: SANTA CRUZ CAP | AR46: URBANA | AS46: HFC | AT46: I | AU46: FINALIZADA | AV46: 25/05/2026 0:00:00 | AW46: 25/05/2026 17:00:14 | AX46: 202605 | AY46: 26 | AZ46: 26/05/2026 0:00:00 | BA46: 26/05/2026 16:08:30 | BB46: NODO SCZ832 | BC46: NODO SCZ832 RAMAL B TAP 006 | BD46: MAKIRO | BE46: 3744 | BF46: DANIEL CARREÑO ROJAS | BG46: MAKIRO | BH46: 27/05/2026 16:03:01 | BI46: 17180 | BK46: =VLOOKUP(Hoja1!$B46,Tabla2[[#All],[ID_TRANSACCION]],1,FALSE) -> BO_FS_202605262668153_29216737
A47: 26/05/2026 0:00:00 | B47: BO_FS_202605262666194_29203571 | C47: 29203571 | D47: NULL | E47: 26/05/2026 0:00:00 | F47: NULL | G47: NULL | H47: MARIA ELENA FLORES COPA | I47: 2666194 | J47: NULL | K47: mariaelenaflorescopa27@gmail.com | L47: Instalacion | M47: 26/05/2026 0:00:00 | N47: Instalacion / Activacion | O47: No | P47: NULL | Q47: 10 | R47: Buen trabajo | S47: NULL | T47: NULL | U47: NULL | V47: SI | W47: Yes | X47: HFC | Y47: NULL | Z47: PROMOTOR | AA47: NULL | AB47: NULL | AC47: NULL | AD47: NULL | AE47: NULL | AF47: NULL | AG47: NULL | AH47: SANTA CRUZ | AI47: SANTA CRUZ CAP | AJ47: JOSE JONATHAN VERA GUTIERREZ | AK47: 2666194 | AL47: 29203571 | AM47: MARIA ELENA FLORES COPA | AN47: CONECTADO | AO47: SANTA CRUZ | AP47: EAST | AQ47: SANTA CRUZ CAP | AR47: URBANA | AS47: HFC | AT47: I | AU47: FINALIZADA | AV47: 25/05/2026 0:00:00 | AW47: 25/05/2026 8:41:17 | AX47: 202605 | AY47: 26 | AZ47: 26/05/2026 0:00:00 | BA47: 26/05/2026 8:36:53 | BB47: NODO GRD299 | BC47: NODO GRD299 RAMAL A TAP 016 | BD47: MAKIRO | BE47: 3744 | BF47: DANIEL CARREÑO ROJAS | BG47: MAKIRO | BH47: 27/05/2026 16:03:01 | BI47: 17181 | BK47: =VLOOKUP(Hoja1!$B47,Tabla2[[#All],[ID_TRANSACCION]],1,FALSE) -> BO_FS_202605262666194_29203571
A48: 25/05/2026 0:00:00 | B48: BO_FS_202605252667525_29212288 | C48: 29212288 | D48: NULL | E48: 26/05/2026 0:00:00 | F48: NULL | G48: NULL | H48: Miguel Angel CHAVEZ MANSILLA | I48: 2667525 | J48: NULL | K48: morenowendynayerly@gmail.com | L48: Instalacion | M48: 25/05/2026 0:00:00 | N48: Instalacion / Activacion | O48: No | P48: NULL | Q48: 10 | R48: Excelente | S48: NULL | T48: NULL | U48: NULL | V48: SI | W48: Yes | X48: HFC | Y48: NULL | Z48: PROMOTOR | AA48: NULL | AB48: NULL | AC48: NULL | AD48: NULL | AE48: NULL | AF48: NULL | AG48: NULL | AH48: SANTA CRUZ | AI48: SANTA CRUZ CAP | AJ48: JOSE JONATHAN VERA GUTIERREZ | AK48: 2667525 | AL48: 29212288 | AM48: Miguel Angel CHAVEZ MANSILLA | AN48: CONECTADO | AO48: SANTA CRUZ | AP48: EAST | AQ48: SANTA CRUZ CAP | AR48: URBANA | AS48: HFC | AT48: I | AU48: FINALIZADA | AV48: 24/05/2026 0:00:00 | AW48: 24/05/2026 14:03:50 | AX48: 202605 | AY48: 25 | AZ48: 25/05/2026 0:00:00 | BA48: 25/05/2026 12:28:25 | BB48: NODO SCZ297 | BC48: NODO SCZ297 RAMAL D TAP 016 | BD48: MAKIRO | BE48: 3744 | BF48: DANIEL CARREÑO ROJAS | BG48: MAKIRO | BH48: 27/05/2026 16:03:01 | BI48: 17182 | BK48: =VLOOKUP(Hoja1!$B48,Tabla2[[#All],[ID_TRANSACCION]],1,FALSE) -> BO_FS_202605252667525_29212288
A49: 26/05/2026 0:00:00 | B49: BO_FS_202605262668114_29216520 | C49: 29216520 | D49: NULL | E49: 26/05/2026 0:00:00 | F49: NULL | G49: NULL | H49: ANA PAOLA JIMENEZ FERNANDEZ | I49: 2668114 | J49: NULL | K49: nefertaryguissellefrancojimene@gmail.com | L49: Instalacion | M49: 26/05/2026 0:00:00 | N49: Instalacion / Activacion | O49: No | P49: NULL | Q49: 10 | R49: Buena atención y son puntuales | S49: NULL | T49: NULL | U49: NULL | V49: SI | W49: Yes | X49: HFC | Y49: NULL | Z49: PROMOTOR | AA49: NULL | AB49: NULL | AC49: NULL | AD49: NULL | AE49: NULL | AF49: NULL | AG49: NULL | AH49: SANTA CRUZ | AI49: SANTA CRUZ CAP | AJ49: JOSE JONATHAN VERA GUTIERREZ | AK49: 2668114 | AL49: 29216520 | AM49: ANA PAOLA JIMENEZ FERNANDEZ | AN49: CONECTADO | AO49: SANTA CRUZ | AP49: EAST | AQ49: SANTA CRUZ CAP | AR49: URBANA | AS49: HFC | AT49: I | AU49: FINALIZADA | AV49: 25/05/2026 0:00:00 | AW49: 25/05/2026 16:34:02 | AX49: 202605 | AY49: 26 | AZ49: 26/05/2026 0:00:00 | BA49: 26/05/2026 9:40:36 | BB49: NODO GRD178 | BC49: NODO GRD178 RAMAL A TAP 017 | BD49: MAKIRO | BE49: 3744 | BF49: DANIEL CARREÑO ROJAS | BG49: MAKIRO | BH49: 27/05/2026 16:03:01 | BI49: 17183 | BK49: =VLOOKUP(Hoja1!$B49,Tabla2[[#All],[ID_TRANSACCION]],1,FALSE) -> BO_FS_202605262668114_29216520
A50: 25/05/2026 0:00:00 | B50: BO_FS_202605252667851_29214798 | C50: 29214798 | D50: NULL | E50: 26/05/2026 0:00:00 | F50: NULL | G50: NULL | H50: Leonardo CUETO AVILA | I50: 2667851 | J50: NULL | K50: leonardcue88@gmail.com | L50: Instalacion | M50: 25/05/2026 0:00:00 | N50: Instalacion / Activacion | O50: No | P50: NULL | Q50: 10 | R50: Conexión de señal wf | S50: NULL | T50: NULL | U50: NULL | V50: SI | W50: Yes | X50: HFC | Y50: NULL | Z50: PROMOTOR | AA50: NULL | AB50: NULL | AC50: NULL | AD50: NULL | AE50: NULL | AF50: NULL | AG50: NULL | AH50: SANTA CRUZ | AI50: SANTA CRUZ CAP | AJ50: JOSE JONATHAN VERA GUTIERREZ | AK50: 2667851 | AL50: 29214798 | AM50: Leonardo CUETO AVILA | AN50: CONECTADO | AO50: SANTA CRUZ | AP50: EAST | AQ50: SANTA CRUZ CAP | AR50: URBANA | AS50: HFC | AT50: I | AU50: FINALIZADA | AV50: 25/05/2026 0:00:00 | AW50: 25/05/2026 12:20:27 | AX50: 202605 | AY50: 25 | AZ50: 25/05/2026 0:00:00 | BA50: 25/05/2026 16:25:57 | BB50: NODO SCZ298 | BC50: NODO SCZ298 RAMAL B TAP 001 | BD50: MAKIRO | BE50: 3744 | BF50: DANIEL CARREÑO ROJAS | BG50: MAKIRO | BH50: 27/05/2026 16:03:01 | BI50: 17184 | BK50: =VLOOKUP(Hoja1!$B50,Tabla2[[#All],[ID_TRANSACCION]],1,FALSE) -> BO_FS_202605252667851_29214798
A51: 23/05/2026 0:00:00 | B51: BO_FS_202605232667010_29208906 | C51: 29208906 | D51: NULL | E51: 25/05/2026 0:00:00 | F51: NULL | G51: NULL | H51: JAIRO MAMANI | I51: 2667010 | J51: NULL | K51: Jairomamani@gmail.com | L51: Instalacion | M51: 23/05/2026 0:00:00 | N51: Instalacion / Activacion | O51: No | P51: NULL | Q51: 7 | R51: Todo un medio día tuve que esperar la instalación | S51: NULL | T51: NULL | U51: NULL | V51: SI | W51: NO | X51: HFC | Y51: NULL | Z51: PASIVO | AA51: NULL | AB51: NULL | AC51: NULL | AD51: NULL | AE51: NULL | AF51: NULL | AG51: NULL | AH51: SANTA CRUZ | AI51: SANTA CRUZ CAP | AJ51: JOSE JONATHAN VERA GUTIERREZ | AK51: 2667010 | AL51: 29208906 | AM51: JAIRO MAMANI | AN51: CONECTADO | AO51: SANTA CRUZ | AP51: EAST | AQ51: SANTA CRUZ CAP | AR51: URBANA | AS51: HFC | AT51: I | AU51: FINALIZADA | AV51: 22/05/2026 0:00:00 | AW51: 22/05/2026 20:16:07 | AX51: 202605 | AY51: 23 | AZ51: 23/05/2026 0:00:00 | BA51: 23/05/2026 13:26:55 | BB51: NODO SCZ221 | BC51: NODO SCZ221 RAMAL D TAP 006 | BD51: MAKIRO | BE51: 3744 | BF51: DANIEL CARREÑO ROJAS | BG51: MAKIRO | BH51: 27/05/2026 16:03:01 | BI51: 17210 | BK51: =VLOOKUP(Hoja1!$B51,Tabla2[[#All],[ID_TRANSACCION]],1,FALSE) -> BO_FS_202605232667010_29208906
A52: 27/05/2026 0:00:00 | B52: BO_FS_202605272668680_29220488 | C52: 29220488 | D52: NULL | E52: 29/05/2026 0:00:00 | F52: NULL | G52: NULL | H52: IGNACIO MANUEL MANACA SAUCEDO | I52: 2668680 | J52: NULL | K52: ignaciomanacasaucedo@gmail.com | L52: Instalacion | M52: 27/05/2026 0:00:00 | N52: Instalacion / Activacion | O52: No | P52: NULL | Q52: 10 | R52: NULL | S52: NULL | T52: NULL | U52: NULL | V52: SI | W52: Yes | X52: HFC | Y52: NULL | Z52: PROMOTOR | AA52: NULL | AB52: NULL | AC52: NULL | AD52: NULL | AE52: NULL | AF52: NULL | AG52: NULL | AH52: SANTA CRUZ | AI52: SANTA CRUZ CAP | AJ52: JOSE JONATHAN VERA GUTIERREZ | AK52: 2668680 | AL52: 29220488 | AM52: IGNACIO MANUEL MANACA SAUCEDO | AN52: CONECTADO | AO52: SANTA CRUZ | AP52: EAST | AQ52: SANTA CRUZ CAP | AR52: URBANA | AS52: HFC | AT52: I | AU52: FINALIZADA | AV52: 26/05/2026 0:00:00 | AW52: 26/05/2026 14:49:19 | AX52: 202605 | AY52: 27 | AZ52: 27/05/2026 0:00:00 | BA52: 27/05/2026 14:30:41 | BB52: NODO SCZ197 | BC52: NODO SCZ197 RAMAL B TAP 007 | BD52: MAKIRO | BE52: 3744 | BF52: DANIEL CARREÑO ROJAS | BG52: MAKIRO | BH52: 46028.668 | BI52: 18607 | BK52: =VLOOKUP(Hoja1!$B52,Tabla2[[#All],[ID_TRANSACCION]],1,FALSE) -> BO_FS_202605272668680_29220488
A53: 31/05/2026 0:00:00 | B53: BO_FS_202605312670957_29242377 | C53: 29242377 | D53: NULL | E53: 31/05/2026 0:00:00 | F53: NULL | G53: NULL | H53: ALISON CORIA CALIZAYA | I53: 2670957 | J53: NULL | K53: alisoncaria51@gmail.com | L53: Instalacion | M53: 31/05/2026 0:00:00 | N53: Instalacion / Activacion | O53: No | P53: NULL | Q53: 10 | R53: Buen trabajo | S53: NULL | T53: NULL | U53: NULL | V53: SI | W53: Yes | X53: HFC | Y53: NULL | Z53: PROMOTOR | AA53: NULL | AB53: NULL | AC53: NULL | AD53: NULL | AE53: NULL | AF53: NULL | AG53: NULL | AH53: SANTA CRUZ | AI53: SANTA CRUZ CAP | AJ53: JOSE JONATHAN VERA GUTIERREZ | AK53: 2670957 | AL53: 29242377 | AM53: ALISON CORIA CALIZAYA | AN53: CONECTADO | AO53: SANTA CRUZ | AP53: EAST | AQ53: SANTA CRUZ CAP | AR53: URBANA | AS53: HFC | AT53: I | AU53: FINALIZADA | AV53: 30/05/2026 0:00:00 | AW53: 30/05/2026 16:46:32 | AX53: 202605 | AY53: 31 | AZ53: 31/05/2026 0:00:00 | BA53: 31/05/2026 11:43:34 | BB53: NODO SCZ287 | BC53: NODO SCZ287 RAMAL C TAP 026 | BD53: MAKIRO | BE53: 3744 | BF53: DANIEL CARREÑO ROJAS | BG53: MAKIRO | BH53: 46028.668 | BI53: 18816 | BK53: =VLOOKUP(Hoja1!$B53,Tabla2[[#All],[ID_TRANSACCION]],1,FALSE) -> BO_FS_202605312670957_29242377
A54: 29/05/2026 0:00:00 | B54: BO_FS_202605292669771_29229465 | C54: 29229465 | D54: NULL | E54: 31/05/2026 0:00:00 | F54: NULL | G54: NULL | H54: Carlos Daniel SOLIZ CABRERA | I54: 2669771 | J54: NULL | K54: carlossolizdaniel@gmail.com | L54: Instalacion | M54: 29/05/2026 0:00:00 | N54: Instalacion / Activacion | O54: No | P54: NULL | Q54: 10 | R54: NULL | S54: NULL | T54: NULL | U54: NULL | V54: SI | W54: Yes | X54: HFC | Y54: NULL | Z54: PROMOTOR | AA54: NULL | AB54: NULL | AC54: NULL | AD54: NULL | AE54: NULL | AF54: NULL | AG54: NULL | AH54: SANTA CRUZ | AI54: SANTA CRUZ CAP | AJ54: JOSE JONATHAN VERA GUTIERREZ | AK54: 2669771 | AL54: 29229465 | AM54: Carlos Daniel SOLIZ CABRERA | AN54: CONECTADO | AO54: SANTA CRUZ | AP54: EAST | AQ54: SANTA CRUZ CAP | AR54: URBANA | AS54: HFC | AT54: I | AU54: FINALIZADA | AV54: 28/05/2026 0:00:00 | AW54: 28/05/2026 16:11:36 | AX54: 202605 | AY54: 29 | AZ54: 29/05/2026 0:00:00 | BA54: 29/05/2026 15:55:03 | BB54: NODO SCZ297 | BC54: NODO SCZ297 RAMAL B TAP 029 | BD54: MAKIRO | BE54: 3744 | BF54: DANIEL CARREÑO ROJAS | BG54: MAKIRO | BH54: 46028.668 | BI54: 18817 | BK54: =VLOOKUP(Hoja1!$B54,Tabla2[[#All],[ID_TRANSACCION]],1,FALSE) -> BO_FS_202605292669771_29229465
A55: 29/05/2026 0:00:00 | B55: BO_FS_202605292669519_29227369 | C55: 29227369 | D55: NULL | E55: 31/05/2026 0:00:00 | F55: NULL | G55: NULL | H55: GUSTAVO PAZ JUSTINIANO | I55: 2669519 | J55: NULL | K55: gpjustiniano@gmail.com | L55: Instalacion | M55: 29/05/2026 0:00:00 | N55: Instalacion / Activacion | O55: No | P55: NULL | Q55: 10 | R55: NULL | S55: NULL | T55: NULL | U55: NULL | V55: SI | W55: Yes | X55: HFC | Y55: NULL | Z55: PROMOTOR | AA55: NULL | AB55: NULL | AC55: NULL | AD55: NULL | AE55: NULL | AF55: NULL | AG55: NULL | AH55: SANTA CRUZ | AI55: SANTA CRUZ CAP | AJ55: JOSE JONATHAN VERA GUTIERREZ | AK55: 2669519 | AL55: 29227369 | AM55: GUSTAVO PAZ JUSTINIANO | AN55: CONECTADO | AO55: SANTA CRUZ | AP55: EAST | AQ55: SANTA CRUZ CAP | AR55: URBANA | AS55: HFC | AT55: I | AU55: FINALIZADA | AV55: 28/05/2026 0:00:00 | AW55: 28/05/2026 11:43:05 | AX55: 202605 | AY55: 29 | AZ55: 29/05/2026 0:00:00 | BA55: 29/05/2026 10:10:56 | BB55: NODO SCZ275 | BC55: NODO SCZ275 RAMAL A TAP 011 | BD55: MAKIRO | BE55: 3744 | BF55: DANIEL CARREÑO ROJAS | BG55: MAKIRO | BH55: 46028.668 | BI55: 18818 | BK55: =VLOOKUP(Hoja1!$B55,Tabla2[[#All],[ID_TRANSACCION]],1,FALSE) -> BO_FS_202605292669519_29227369

Sheet Hoja2
A1: FECHA_CREACION | B1: ID_TRANSACCION | C1: NRO_ORDEN | D1: SURVEYID_FOR_INTERNAL_USE | E1: FECHA_DE_RESPUESTA | F1: TIPO_DE_ALERTA | G1: TIPO_DE_ENCUESTA | H1: NOMBRE_CLIENTE | I1: ID_CLIENTE | J1: UNIT | K1: EMAIL | L1: TIPO_DE_TRANSACCION | M1: FECHA_DE_TRANSACCION_ | N1: JOURNEY | O1: FLAG_B2B | P1: FIELD_SERV_SUBTIPO_TRAN_GLOBAL | Q1: LTR | R1: LIKELIHOOD_TO_RECOMMEND_COME | S1: CES | T1: CSAT | U1: FCR_COMMENT_EXPORT | V1: FCR | W1: CUMPLIMIENTO_DE_AGENDA | X1: Tecnologia | Y1: TA_TOPICOS_LTR | Z1: NPS_TIPO | AA1: SATISFACCION_TIEMPO_ENTREGA | AB1: IMAGEN_PERSONAL | AC1: AMABILIDAD_TECNICO | AD1: CONOCIMIENTO_TECNICO | AE1: IMAGEN_PERSONAL_2 | AF1: AMABILIDAD_TECNICO_2 | AG1: CONOCIMIENTO_TECNICO_2 | AH1: DEPARTAMENTO | AI1: CIUDAD | AJ1: SUPERVISOR_1 | AK1: CLIENTENRO | AL1: ORDENNRO | AM1: CLIENTE_NOMBRE_COMPLETO | AN1: CLIENTE_ESTADO | AO1: DEPARTAMENTO_SIGA | AP1: TERRITORY | AQ1: CIUDAD_SIGA | AR1: POBLACION_CLIENTE | AS1: TECNOLOGIA_SIGA | AT1: ORDEN_TIPO_COD | AU1: ORDEN_ESTADO | AV1: ORDEN_FECHA_REGISTRO | AW1: ORDEN_HORA_REGISTRO | AX1: ORDEN_MES_FINALIZACION | AY1: DIAFIN | AZ1: ORDEN_FECHA_FINALIZACION | BA1: ORDEN_HORA_FINALIZACION | BB1: ZONA_GRUPO | BC1: ZONA_TAP | BD1: DEALER_TECNICO_NOMBRE | BE1: TECNICOID | BF1: TECNICO_NOMBRE | BG1: Column 75 | BH1: Column 76
A2: 46146 | B2: BO_FS_202605042656640_29119172 | C2: 29119172 | E2: 46149 | H2: NELSON ROCA COPA | I2: 2656640 | K2: rocacopanelson8@gmail.com | L2: Instalacion | M2: 46146 | N2: Instalacion / Activacion | O2: No | Q2: 10 | R2: Exelente servicio | V2: SI | W2: Yes | X2: HFC | Z2: PROMOTOR | AH2: SANTA CRUZ | AI2: SANTA CRUZ CAP | AJ2: JOSE JONATHAN VERA GUTIERREZ | AK2: 2656640 | AL2: 29119172 | AM2: NELSON ROCA COPA | AN2: CONECTADO | AO2: SANTA CRUZ | AP2: EAST | AQ2: SANTA CRUZ CAP | AR2: URBANA | AS2: HFC | AT2: I | AU2: FINALIZADA | AV2: 46146 | AW2: 46146.481 | AX2: 202605 | AY2: 4 | AZ2: 46146 | BA2: 46146.538 | BB2: NODO SCZ270 | BC2: NODO SCZ270 RAMAL C TAP 023 | BD2: MAKIRO | BE2: 3744 | BF2: DANIEL CARREÑO ROJAS | BH2: =VLOOKUP(Tabla2[[#This Row],[ID_TRANSACCION]],Hoja1!$B$4:$B$55,1,FALSE) -> BO_FS_202605042656640_29119172
A3: 46149 | B3: BO_FS_202605072658950_29152051 | C3: 29152051 | E3: 46150 | H3: Katalina LOPEZ EGUEZ | I3: 2658950 | K3: Lopezeguezkatalina@gmail.com | L3: Instalacion | M3: 46149 | N3: Instalacion / Activacion | O3: No | Q3: 10 | R3: Muy bien servicio | V3: SI | W3: Yes | X3: HFC | Z3: PROMOTOR | AH3: SANTA CRUZ | AI3: SANTA CRUZ CAP | AJ3: JOSE JONATHAN VERA GUTIERREZ | AK3: 2658950 | AL3: 29152051 | AM3: Katalina LÓPEZ EGUEZ | AN3: CONECTADO | AO3: SANTA CRUZ | AP3: EAST | AQ3: SANTA CRUZ CAP | AR3: URBANA | AS3: HFC | AT3: I | AU3: FINALIZADA | AV3: 46148 | AW3: 46148.661 | AX3: 202605 | AY3: 7 | AZ3: 46149 | BA3: 46149.638 | BB3: NODO SCZ321 | BC3: NODO SCZ321 RAMAL D TAP 007 | BD3: MAKIRO | BE3: 3744 | BF3: DANIEL CARREÑO ROJAS | BH3: =VLOOKUP(Tabla2[[#This Row],[ID_TRANSACCION]],Hoja1!$B$4:$B$55,1,FALSE) -> BO_FS_202605072658950_29152051
A4: 46150 | B4: BO_FS_202605082659753_29158085 | C4: 29158085 | E4: 46152 | H4: CRISTIAN CHUVE CHUVIRU | I4: 2659753 | K4: cristian.chuvechu@gmail.com | L4: Instalacion | M4: 46150 | N4: Instalacion / Activacion | O4: No | Q4: 10 | R4: Excelente trabajo | V4: SI | W4: Yes | X4: HFC | Z4: PROMOTOR | AH4: SANTA CRUZ | AI4: SANTA CRUZ CAP | AJ4: JOSE JONATHAN VERA GUTIERREZ | AK4: 2659753 | AL4: 29158085 | AM4: CRISTIAN CHUVE CHUVIRU | AN4: CONECTADO | AO4: SANTA CRUZ | AP4: EAST | AQ4: SANTA CRUZ CAP | AR4: URBANA | AS4: HFC | AT4: I | AU4: FINALIZADA | AV4: 46149 | AW4: 46149.808 | AX4: 202605 | AY4: 8 | AZ4: 46150 | BA4: 46150.641 | BB4: NODO SCZ270 | BC4: NODO SCZ270 RAMAL B TAP 025 | BD4: MAKIRO | BE4: 3744 | BF4: DANIEL CARREÑO ROJAS | BH4: =VLOOKUP(Tabla2[[#This Row],[ID_TRANSACCION]],Hoja1!$B$4:$B$55,1,FALSE) -> BO_FS_202605082659753_29158085
A5: 46154 | B5: BO_FS_202605122661514_29170502 | C5: 29170502 | E5: 46155 | H5: RUBEN DARIO CUELLAR CARDENAS | I5: 2661514 | K5: rubendariocuellar@gmail.com | L5: Instalacion | M5: 46154 | N5: Instalacion / Activacion | O5: No | Q5: 10 | V5: SI | W5: Yes | X5: HFC | Z5: PROMOTOR | AH5: SANTA CRUZ | AI5: SANTA CRUZ CAP | AJ5: JOSE JONATHAN VERA GUTIERREZ | AK5: 2661514 | AL5: 29170502 | AM5: RUBEN DARIO CUELLAR CARDENAS | AN5: CONECTADO | AO5: SANTA CRUZ | AP5: EAST | AQ5: SANTA CRUZ CAP | AR5: URBANA | AS5: HFC | AT5: I | AU5: FINALIZADA | AV5: 46154 | AW5: 46154.578 | AX5: 202605 | AY5: 12 | AZ5: 46154 | BA5: 46154.681 | BB5: NODO SCZ337 | BC5: NODO SCZ337 RAMAL C TAP 008 | BD5: MAKIRO | BE5: 3744 | BF5: DANIEL CARREÑO ROJAS | BH5: =VLOOKUP(Tabla2[[#This Row],[ID_TRANSACCION]],Hoja1!$B$4:$B$55,1,FALSE) -> BO_FS_202605122661514_29170502
A6: 46155 | B6: BO_FS_202605132660360_29162779 | C6: 29162779 | E6: 46155 | H6: GEIDY LUCIANA PERALTA SOLIZ | I6: 2660360 | K6: junior123elmen@gmail.com | L6: Instalacion | M6: 46155 | N6: Instalacion / Activacion | O6: No | Q6: 9 | R6: Buen servicio | V6: SI | W6: Yes | X6: HFC | Z6: PROMOTOR | AH6: SANTA CRUZ | AI6: SANTA CRUZ CAP | AJ6: JOSE JONATHAN VERA GUTIERREZ | AK6: 2660360 | AL6: 29162779 | AM6: GEIDY LUCIANA PERALTA SOLIZ | AN6: CONECTADO | AO6: SANTA CRUZ | AP6: EAST | AQ6: SANTA CRUZ CAP | AR6: URBANA | AS6: HFC | AT6: I | AU6: FINALIZADA | AV6: 46155 | AW6: 46155.404 | AX6: 202605 | AY6: 13 | AZ6: 46155 | BA6: 46155.724 | BB6: NODO SCZ291 | BC6: NODO SCZ291 RAMAL D TAP 039 | BD6: MAKIRO | BE6: 3744 | BF6: DANIEL CARREÑO ROJAS | BH6: =VLOOKUP(Tabla2[[#This Row],[ID_TRANSACCION]],Hoja1!$B$4:$B$55,1,FALSE) -> BO_FS_202605132660360_29162779
A7: 46155 | B7: BO_FS_202605132661220_29169248 | C7: 29169248 | E7: 46155 | H7: Fructuosa HERRERA HINOJOSA | I7: 2661220 | K7: fructuosaherrera@gmail.com | L7: Instalacion | M7: 46155 | N7: Instalacion / Activacion | O7: No | Q7: 10 | R7: Buen trabajo | V7: SI | W7: Yes | X7: HFC | Z7: PROMOTOR | AH7: SANTA CRUZ | AI7: SANTA CRUZ CAP | AJ7: JOSE JONATHAN VERA GUTIERREZ | AK7: 2661220 | AL7: 29169248 | AM7: Fructuosa HERRERA HINOJOSA | AN7: CONECTADO | AO7: SANTA CRUZ | AP7: EAST | AQ7: SANTA CRUZ CAP | AR7: URBANA | AS7: HFC | AT7: I | AU7: FINALIZADA | AV7: 46154 | AW7: 46154.46 | AX7: 202605 | AY7: 13 | AZ7: 46155 | BA7: 46155.384 | BB7: NODO SCZ272 | BC7: NODO SCZ272 RAMAL C TAP 019 | BD7: MAKIRO | BE7: 3744 | BF7: DANIEL CARREÑO ROJAS | BH7: =VLOOKUP(Tabla2[[#This Row],[ID_TRANSACCION]],Hoja1!$B$4:$B$55,1,FALSE) -> BO_FS_202605132661220_29169248
A8: 46154 | B8: BO_FS_202605122660805_29166472 | C8: 29166472 | E8: 46155 | H8: JORGE ZABALA BECERRA | I8: 2660805 | K8: Shadowalfabravo@gmail.com | L8: Instalacion | M8: 46154 | N8: Instalacion / Activacion | O8: No | Q8: 9 | R8: Todo excelente por los instaladores pero solo permiten el lago del cable 50 m. Por lo que eso complica la instalación a veces | V8: SI | W8: Yes | X8: HFC | Z8: PROMOTOR | AH8: SANTA CRUZ | AI8: SANTA CRUZ CAP | AJ8: JOSE JONATHAN VERA GUTIERREZ | AK8: 2660805 | AL8: 29166472 | AM8: JORGE ZABALA BECERRA | AN8: CONECTADO | AO8: SANTA CRUZ | AP8: EAST | AQ8: SANTA CRUZ CAP | AR8: URBANA | AS8: HFC | AT8: I | AU8: FINALIZADA | AV8: 46152 | AW8: 46152.504 | AX8: 202605 | AY8: 12 | AZ8: 46154 | BA8: 46154.621 | BB8: NODO SCZ291 | BC8: NODO SCZ291 RAMAL C TAP 016 | BD8: MAKIRO | BE8: 3744 | BF8: DANIEL CARREÑO ROJAS | BH8: =VLOOKUP(Tabla2[[#This Row],[ID_TRANSACCION]],Hoja1!$B$4:$B$55,1,FALSE) -> BO_FS_202605122660805_29166472
A9: 46155 | B9: BO_FS_202605132657172_29122286 | C9: 29122286 | E9: 46155 | H9: VEIMAR MAMANI CASTRO | I9: 2657172 | K9: veimarmamanicastro1999i@gmail.com | L9: Instalacion | M9: 46155 | N9: Instalacion / Activacion | O9: No | Q9: 10 | R9: Servicio apacible. Asesores con capacidad de entender la necesidad que tenemos los clientes | V9: SI | W9: Yes | X9: HFC | Z9: PROMOTOR | AH9: SANTA CRUZ | AI9: SANTA CRUZ CAP | AJ9: JOSE JONATHAN VERA GUTIERREZ | AK9: 2657172 | AL9: 29122286 | AM9: VEIMAR MAMANI CASTRO | AN9: CONECTADO | AO9: SANTA CRUZ | AP9: EAST | AQ9: SANTA CRUZ CAP | AR9: URBANA | AS9: HFC | AT9: I | AU9: FINALIZADA | AV9: 46152 | AW9: 46152.673 | AX9: 202605 | AY9: 13 | AZ9: 46155 | BA9: 46155.664 | BB9: NODO SCZ272 | BC9: NODO SCZ272 RAMAL D TAP 019 | BD9: MAKIRO | BE9: 3744 | BF9: DANIEL CARREÑO ROJAS | BH9: =VLOOKUP(Tabla2[[#This Row],[ID_TRANSACCION]],Hoja1!$B$4:$B$55,1,FALSE) -> BO_FS_202605132657172_29122286
A10: 46155 | B10: BO_FS_202605132661737_29172091 | C10: 29172091 | E10: 46155 | H10: Wendy MENDOZA CORTEZ | I10: 2661737 | K10: Wendymendoa21@gmail.com | L10: Instalacion | M10: 46155 | N10: Instalacion / Activacion | O10: No | Q10: 10 | R10: Buen servicio | V10: SI | W10: Yes | X10: HFC | Z10: PROMOTOR | AH10: SANTA CRUZ | AI10: SANTA CRUZ CAP | AJ10: JOSE JONATHAN VERA GUTIERREZ | AK10: 2661737 | AL10: 29172091 | AM10: Wendy MENDOZA CORTEZ | AN10: CONECTADO | AO10: SANTA CRUZ | AP10: EAST | AQ10: SANTA CRUZ CAP | AR10: URBANA | AS10: HFC | AT10: I | AU10: FINALIZADA | AV10: 46154 | AW10: 46154.725 | AX10: 202605 | AY10: 13 | AZ10: 46155 | BA10: 46155.465 | BB10: NODO SCZ266 | BC10: NODO SCZ266 RAMAL C TAP 020 | BD10: MAKIRO | BE10: 3744 | BF10: DANIEL CARREÑO ROJAS | BH10: =VLOOKUP(Tabla2[[#This Row],[ID_TRANSACCION]],Hoja1!$B$4:$B$55,1,FALSE) -> BO_FS_202605132661737_29172091
A11: 46154 | B11: BO_FS_202605122660786_29166307 | C11: 29166307 | E11: 46155 | H11: ERIK DANIEL AGUILAR GONZALES | I11: 2660786 | K11: erikdanielaguilargonzales01@gmail.com | L11: Instalacion | M11: 46154 | N11: Instalacion / Activacion | O11: No | Q11: 10 | R11: Fue muy amable al instalar y me ayudó a poder colectar en un buen lugar , muy buena atención | V11: SI | W11: Yes | X11: HFC | Z11: PROMOTOR | AH11: SANTA CRUZ | AI11: SANTA CRUZ CAP | AJ11: JOSE JONATHAN VERA GUTIERREZ | AK11: 2660786 | AL11: 29166307 | AM11: ERIK DANIEL AGUILAR GONZALES | AN11: CONECTADO | AO11: SANTA CRUZ | AP11: EAST | AQ11: SANTA CRUZ CAP | AR11: URBANA | AS11: HFC | AT11: I | AU11: FINALIZADA | AV11: 46152 | AW11: 46152.442 | AX11: 202605 | AY11: 12 | AZ11: 46154 | BA11: 46154.439 | BB11: NODO SCZ275 | BC11: NODO SCZ275 RAMAL C TAP 022 | BD11: MAKIRO | BE11: 3744 | BF11: DANIEL CARREÑO ROJAS | BH11: =VLOOKUP(Tabla2[[#This Row],[ID_TRANSACCION]],Hoja1!$B$4:$B$55,1,FALSE) -> BO_FS_202605122660786_29166307
A12: 46154 | B12: BO_FS_202605122660779_29166247 | C12: 29166247 | E12: 46155 | H12: MARCO ANTONIO OLIVERA RAMOS | I12: 2660779 | K12: deliciaoliveraramos@gmail.com | L12: Instalacion | M12: 46154 | N12: Instalacion / Activacion | O12: No | Q12: 10 | V12: SI | W12: Yes | X12: HFC | Z12: PROMOTOR | AH12: SANTA CRUZ | AI12: SANTA CRUZ CAP | AJ12: JOSE JONATHAN VERA GUTIERREZ | AK12: 2660779 | AL12: 29166247 | AM12: MARCO ANTONIO OLIVERA RAMOS | AN12: CONECTADO | AO12: SANTA CRUZ | AP12: EAST | AQ12: SANTA CRUZ CAP | AR12: URBANA | AS12: HFC | AT12: I | AU12: FINALIZADA | AV12: 46152 | AW12: 46152.408 | AX12: 202605 | AY12: 12 | AZ12: 46154 | BA12: 46154.439 | BB12: NODO SCZ290 | BC12: NODO SCZ290 RAMAL A TAP 018 | BD12: MAKIRO | BE12: 3744 | BF12: DANIEL CARREÑO ROJAS | BH12: =VLOOKUP(Tabla2[[#This Row],[ID_TRANSACCION]],Hoja1!$B$4:$B$55,1,FALSE) -> BO_FS_202605122660779_29166247
A13: 46156 | B13: BO_FS_202605142661045_29168783 | C13: 29168783 | E13: 46159 | H13: CARLOS OSWALDO DACOSTA LIJERON | I13: 2661045 | K13: dacostal@gmail.com | L13: Instalacion | M13: 46156 | N13: Instalacion / Activacion | O13: No | Q13: 10 | V13: SI | W13: Yes | X13: HFC | Z13: PROMOTOR | AH13: SANTA CRUZ | AI13: SANTA CRUZ CAP | AJ13: JOSE JONATHAN VERA GUTIERREZ | AK13: 2661045 | AL13: 29168783 | AM13: CARLOS OSWALDO DACOSTA LIJERON | AN13: CONECTADO | AO13: SANTA CRUZ | AP13: EAST | AQ13: SANTA CRUZ CAP | AR13: URBANA | AS13: HFC | AT13: I | AU13: FINALIZADA | AV13: 46156 | AW13: 46156.525 | AX13: 202605 | AY13: 14 | AZ13: 46156 | BA13: 46156.827 | BB13: NODO SCZ123 | BC13: NODO SCZ123 RAMAL C TAP 030 | BD13: MAKIRO | BE13: 3744 | BF13: DANIEL CARREÑO ROJAS | BH13: =VLOOKUP(Tabla2[[#This Row],[ID_TRANSACCION]],Hoja1!$B$4:$B$55,1,FALSE) -> BO_FS_202605142661045_29168783
A14: 46156 | B14: BO_FS_202605142662574_29178234 | C14: 29178234 | E14: 46159 | H14: Fabiana ROJAS ARISPE | I14: 2662574 | K14: fabianaroja2003@gmail.com | L14: Instalacion | M14: 46156 | N14: Instalacion / Activacion | O14: No | Q14: 10 | V14: SI | W14: Yes | X14: HFC | Z14: PROMOTOR | AH14: SANTA CRUZ | AI14: SANTA CRUZ CAP | AJ14: JOSE JONATHAN VERA GUTIERREZ | AK14: 2662574 | AL14: 29178234 | AM14: Fabiana ROJAS ARISPE | AN14: CONECTADO | AO14: SANTA CRUZ | AP14: EAST | AQ14: SANTA CRUZ CAP | AR14: URBANA | AS14: HFC | AT14: I | AU14: FINALIZADA | AV14: 46156 | AW14: 46156.381 | AX14: 202605 | AY14: 14 | AZ14: 46156 | BA14: 46156.597 | BB14: NODO GRD269 | BC14: NODO GRD269 RAMAL C TAP 007 | BD14: MAKIRO | BE14: 3744 | BF14: DANIEL CARREÑO ROJAS | BH14: =VLOOKUP(Tabla2[[#This Row],[ID_TRANSACCION]],Hoja1!$B$4:$B$55,1,FALSE) -> BO_FS_202605142662574_29178234
A15: 46159 | B15: BO_FS_202605172663715_29185528 | C15: 29185528 | E15: 46159 | H15: ALDRIN JUSTINIANO MONTERO | I15: 2663715 | K15: aldrinjustiniano@gmail.com | L15: Instalacion | M15: 46159 | N15: Instalacion / Activacion | O15: No | Q15: 10 | R15: Por qué es un buen servicio | V15: SI | W15: Yes | X15: HFC | Z15: PROMOTOR | AH15: SANTA CRUZ | AI15: SANTA CRUZ CAP | AJ15: JOSE JONATHAN VERA GUTIERREZ | AK15: 2663715 | AL15: 29185528 | AM15: ALDRIN JUSTINIANO MONTERO | AN15: CONECTADO | AO15: SANTA CRUZ | AP15: EAST | AQ15: SANTA CRUZ CAP | AR15: URBANA | AS15: HFC | AT15: I | AU15: FINALIZADA | AV15: 46157 | AW15: 46157.865 | AX15: 202605 | AY15: 17 | AZ15: 46159 | BA15: 46159.396 | BB15: NODO GRD181 | BC15: NODO GRD181 RAMAL D TAP 031 | BD15: MAKIRO | BE15: 3744 | BF15: DANIEL CARREÑO ROJAS | BH15: =VLOOKUP(Tabla2[[#This Row],[ID_TRANSACCION]],Hoja1!$B$4:$B$55,1,FALSE) -> BO_FS_202605172663715_29185528
A16: 46159 | B16: BO_FS_202605172664029_29188289 | C16: 29188289 | E16: 46159 | H16: Matias TORRICO ORELLANA | I16: 2664029 | K16: Torrioorellanamatias@gmail.com | L16: Instalacion | M16: 46159 | N16: Instalacion / Activacion | O16: No | Q16: 10 | R16: Muy eficiente en la instalación del equipo | V16: NO | W16: Yes | X16: HFC | Z16: PROMOTOR | AH16: SANTA CRUZ | AI16: SANTA CRUZ CAP | AJ16: JOSE JONATHAN VERA GUTIERREZ | AK16: 2664029 | AL16: 29188289 | AM16: Matias TORRICO ORELLANA | AN16: CONECTADO | AO16: SANTA CRUZ | AP16: EAST | AQ16: SANTA CRUZ CAP | AR16: URBANA | AS16: HFC | AT16: I | AU16: FINALIZADA | AV16: 46158 | AW16: 46158.848 | AX16: 202605 | AY16: 17 | AZ16: 46159 | BA16: 46159.541 | BB16: NODO GRD181 | BC16: NODO GRD181 RAMAL A TAP 015 | BD16: MAKIRO | BE16: 3744 | BF16: DANIEL CARREÑO ROJAS | BH16: =VLOOKUP(Tabla2[[#This Row],[ID_TRANSACCION]],Hoja1!$B$4:$B$55,1,FALSE) -> BO_FS_202605172664029_29188289
A17: 46158 | B17: BO_FS_202605162663801_29186660 | C17: 29186660 | E17: 46159 | H17: Heidy AGUILAR ESPINOZA | I17: 2663801 | K17: heidyaguilarewpinoza@gmail.com | L17: Instalacion | M17: 46158 | N17: Instalacion / Activacion | O17: No | Q17: 10 | V17: SI | W17: Yes | X17: HFC | Z17: PROMOTOR | AH17: SANTA CRUZ | AI17: SANTA CRUZ CAP | AJ17: JOSE JONATHAN VERA GUTIERREZ | AK17: 2663801 | AL17: 29186660 | AM17: Heidy AGUILAR ESPINOZA | AN17: CONECTADO | AO17: SANTA CRUZ | AP17: EAST | AQ17: SANTA CRUZ CAP | AR17: URBANA | AS17: HFC | AT17: I | AU17: FINALIZADA | AV17: 46158 | AW17: 46158.443 | AX17: 202605 | AY17: 16 | AZ17: 46158 | BA17: 46158.613 | BB17: NODO SCZ209 | BC17: NODO SCZ209 RAMAL A TAP 031 | BD17: MAKIRO | BE17: 3744 | BF17: DANIEL CARREÑO ROJAS | BH17: =VLOOKUP(Tabla2[[#This Row],[ID_TRANSACCION]],Hoja1!$B$4:$B$55,1,FALSE) -> BO_FS_202605162663801_29186660
A18: 46156 | B18: BO_FS_202605142661655_29173424 | C18: 29173424 | E18: 46159 | H18: Hope Noemy PONCE MENDOZA | I18: 2661655 | K18: bgalarzaponce@gmail.com | L18: Instalacion | M18: 46156 | N18: Instalacion / Activacion | O18: No | Q18: 8 | V18: SI | W18: Yes | X18: HFC | Z18: PASIVO | AH18: SANTA CRUZ | AI18: SANTA CRUZ CAP | AJ18: JOSE JONATHAN VERA GUTIERREZ | AK18: 2661655 | AL18: 29173424 | AM18: Hope Noemy PONCE MENDOZA | AN18: CONECTADO | AO18: SANTA CRUZ | AP18: EAST | AQ18: SANTA CRUZ CAP | AR18: URBANA | AS18: HFC | AT18: I | AU18: FINALIZADA | AV18: 46155 | AW18: 46155.385 | AX18: 202605 | AY18: 14 | AZ18: 46156 | BA18: 46156.517 | BB18: NODO GRD178 | BC18: NODO GRD178 RAMAL D TAP 044 | BD18: MAKIRO | BE18: 3744 | BF18: DANIEL CARREÑO ROJAS | BH18: =VLOOKUP(Tabla2[[#This Row],[ID_TRANSACCION]],Hoja1!$B$4:$B$55,1,FALSE) -> BO_FS_202605142661655_29173424
A19: 46157 | B19: BO_FS_202605152660990_29168521 | C19: 29168521 | E19: 46160 | H19: FABIOLA MAMANI CHOQUE | I19: 2660990 | K19: fabiolamamanich32@gmail.com | L19: Instalacion | M19: 46157 | N19: Instalacion / Activacion | O19: No | Q19: 10 | R19: Hicieron un buen trabajo:) | V19: SI | W19: Yes | X19: HFC | Z19: PROMOTOR | AH19: SANTA CRUZ | AI19: SANTA CRUZ CAP | AJ19: JOSE JONATHAN VERA GUTIERREZ | AK19: 2660990 | AL19: 29168521 | AM19: FABIOLA MAMANI CHOQUE | AN19: CONECTADO | AO19: SANTA CRUZ | AP19: EAST | AQ19: SANTA CRUZ CAP | AR19: URBANA | AS19: HFC | AT19: I | AU19: FINALIZADA | AV19: 46156 | AW19: 46156.429 | AX19: 202605 | AY19: 15 | AZ19: 46157 | BA19: 46157.426 | BB19: NODO SCZ321 | BC19: NODO SCZ321 RAMAL C TAP 030 | BD19: MAKIRO | BE19: 3744 | BF19: DANIEL CARREÑO ROJAS | BH19: =VLOOKUP(Tabla2[[#This Row],[ID_TRANSACCION]],Hoja1!$B$4:$B$55,1,FALSE) -> BO_FS_202605152660990_29168521
A20: 46157 | B20: BO_FS_202605152662795_29179740 | C20: 29179740 | E20: 46160 | H20: Roger RAMON PADILLA | I20: 2662795 | K20: ramonpadillaroger@gmail.com | L20: Instalacion | M20: 46157 | N20: Instalacion / Activacion | O20: No | Q20: 10 | R20: 10 | V20: SI | W20: Yes | X20: HFC | Z20: PROMOTOR | AH20: SANTA CRUZ | AI20: SANTA CRUZ CAP | AJ20: JOSE JONATHAN VERA GUTIERREZ | AK20: 2662795 | AL20: 29179740 | AM20: Roger RAMÓN PADILLA | AN20: CONECTADO | AO20: SANTA CRUZ | AP20: EAST | AQ20: SANTA CRUZ CAP | AR20: URBANA | AS20: HFC | AT20: I | AU20: FINALIZADA | AV20: 46156 | AW20: 46156.555 | AX20: 202605 | AY20: 15 | AZ20: 46157 | BA20: 46157.572 | BB20: NODO SCZ285 | BC20: NODO SCZ285 RAMAL B TAP 039 | BD20: MAKIRO | BE20: 3744 | BF20: DANIEL CARREÑO ROJAS | BH20: =VLOOKUP(Tabla2[[#This Row],[ID_TRANSACCION]],Hoja1!$B$4:$B$55,1,FALSE) -> BO_FS_202605152662795_29179740
A21: 46157 | B21: BO_FS_202605152662378_29176801 | C21: 29176801 | E21: 46160 | H21: Erwin CHAMBI RICALDEZ | I21: 2662378 | K21: Erwin12@gmail.com | L21: Instalacion | M21: 46157 | N21: Instalacion / Activacion | O21: No | Q21: 10 | V21: SI | W21: Yes | X21: HFC | Z21: PROMOTOR | AH21: SANTA CRUZ | AI21: SANTA CRUZ CAP | AJ21: JOSE JONATHAN VERA GUTIERREZ | AK21: 2662378 | AL21: 29176801 | AM21: Erwin CHAMBI RICALDEZ | AN21: CONECTADO | AO21: SANTA CRUZ | AP21: EAST | AQ21: SANTA CRUZ CAP | AR21: URBANA | AS21: HFC | AT21: I | AU21: FINALIZADA | AV21: 46155 | AW21: 46155.699 | AX21: 202605 | AY21: 15 | AZ21: 46157 | BA21: 46157.415 | BB21: NODO SCZ267 | BC21: NODO SCZ267 RAMAL C TAP 026 | BD21: MAKIRO | BE21: 3744 | BF21: DANIEL CARREÑO ROJAS | BH21: =VLOOKUP(Tabla2[[#This Row],[ID_TRANSACCION]],Hoja1!$B$4:$B$55,1,FALSE) -> BO_FS_202605152662378_29176801
A22: 46161 | B22: BO_FS_202605192661004_29179752 | C22: 29179752 | E22: 46162 | H22: JHOJAN JHOSIT MARQUEZ CORREA | I22: 2661004 | K22: jhojandextroyer@gmail.com | L22: Instalacion | M22: 46161 | N22: Instalacion / Activacion | O22: No | Q22: 10 | V22: SI | W22: Yes | X22: HFC | Z22: PROMOTOR | AH22: SANTA CRUZ | AI22: SANTA CRUZ CAP | AJ22: JOSE JONATHAN VERA GUTIERREZ | AK22: 2661004 | AL22: 29179752 | AM22: JHOJAN JHOSIT MARQUEZ CORREA | AN22: CONECTADO | AO22: SANTA CRUZ | AP22: EAST | AQ22: SANTA CRUZ CAP | AR22: URBANA | AS22: HFC | AT22: I | AU22: FINALIZADA | AV22: 46161 | AW22: 46161.472 | AX22: 202605 | AY22: 19 | AZ22: 46161 | BA22: 46161.709 | BB22: NODO SCZ270 | BC22: NODO SCZ270 RAMAL C TAP 032 | BD22: MAKIRO | BE22: 3744 | BF22: DANIEL CARREÑO ROJAS | BH22: =VLOOKUP(Tabla2[[#This Row],[ID_TRANSACCION]],Hoja1!$B$4:$B$55,1,FALSE) -> BO_FS_202605192661004_29179752
A23: 46161 | B23: BO_FS_202605192664882_29195054 | C23: 29195054 | E23: 46162 | H23: Elisabeth RAMOS MALDONADO | I23: 2664882 | K23: roshelflores6@gmail.com | L23: Instalacion | M23: 46161 | N23: Instalacion / Activacion | O23: No | Q23: 9 | R23: Buen trabajo | V23: SI | W23: Yes | X23: HFC | Z23: PROMOTOR | AH23: SANTA CRUZ | AI23: MONTERO | AJ23: JOSE JONATHAN VERA GUTIERREZ | AK23: 2664882 | AL23: 29195054 | AM23: Elisabeth RAMOS MALDONADO | AN23: CONECTADO | AO23: SANTA CRUZ | AP23: EAST | AQ23: MONTERO | AR23: URBANA | AS23: HFC | AT23: I | AU23: FINALIZADA | AV23: 46161 | AW23: 46161.492 | AX23: 202605 | AY23: 19 | AZ23: 46161 | BA23: 46161.616 | BB23: NODO MON167 | BC23: NODO MON167 RAMAL C TAP 019 | BD23: MAKIRO | BE23: 3744 | BF23: DANIEL CARREÑO ROJAS | BH23: =VLOOKUP(Tabla2[[#This Row],[ID_TRANSACCION]],Hoja1!$B$4:$B$55,1,FALSE) -> #N/A
A24: 46163 | B24: BO_FS_202605212665678_29200626 | C24: 29200626 | E24: 46166 | H24: Jhon Daniel JAIMES CARVALLO | I24: 2665678 | K24: jaimesdaniel082@gmail.com | L24: Instalacion | M24: 46163 | N24: Instalacion / Activacion | O24: No | Q24: 10 | R24: Asistencia rapida | V24: SI | W24: Yes | X24: HFC | Z24: PROMOTOR | AH24: SANTA CRUZ | AI24: SANTA CRUZ CAP | AJ24: JOSE JONATHAN VERA GUTIERREZ | AK24: 2665678 | AL24: 29200626 | AM24: Jhon Daniel JAIMES CARVALLO | AN24: CONECTADO | AO24: SANTA CRUZ | AP24: EAST | AQ24: SANTA CRUZ CAP | AR24: URBANA | AS24: HFC | AT24: I | AU24: FINALIZADA | AV24: 46162 | AW24: 46162.675 | AX24: 202605 | AY24: 21 | AZ24: 46163 | BA24: 46163.408 | BB24: NODO SCZ846 | BC24: NODO SCZ846 RAMAL B TAP 030 | BD24: MAKIRO | BE24: 3744 | BF24: DANIEL CARREÑO ROJAS | BH24: =VLOOKUP(Tabla2[[#This Row],[ID_TRANSACCION]],Hoja1!$B$4:$B$55,1,FALSE) -> BO_FS_202605212665678_29200626
A25: 46165 | B25: BO_FS_202605232666965_29209953 | C25: 29209953 | E25: 46166 | H25: ANTONIO YAVITA ROSALES | I25: 2666965 | K25: guirapoiguayavitajudith@gmail.com | L25: Instalacion | M25: 46165 | N25: Instalacion / Activacion | O25: No | Q25: 8 | V25: SI | W25: Yes | X25: HFC | Z25: PASIVO | AH25: SANTA CRUZ | AI25: SANTA CRUZ CAP | AJ25: JOSE JONATHAN VERA GUTIERREZ | AK25: 2666965 | AL25: 29209953 | AM25: ANTONIO YAVITA ROSALES | AN25: CONECTADO | AO25: SANTA CRUZ | AP25: EAST | AQ25: SANTA CRUZ CAP | AR25: URBANA | AS25: HFC | AT25: I | AU25: FINALIZADA | AV25: 46165 | AW25: 46165.471 | AX25: 202605 | AY25: 23 | AZ25: 46165 | BA25: 46165.527 | BB25: NODO SCZ271 | BC25: NODO SCZ271 RAMAL D TAP 010 | BD25: MAKIRO | BE25: 3744 | BF25: DANIEL CARREÑO ROJAS | BH25: =VLOOKUP(Tabla2[[#This Row],[ID_TRANSACCION]],Hoja1!$B$4:$B$55,1,FALSE) -> BO_FS_202605232666965_29209953
A26: 46165 | B26: BO_FS_202605232666994_29208851 | C26: 29208851 | E26: 46166 | H26: Israel ZEBALLOS TORRICO | I26: 2666994 | K26: israelzeballostorrico250@gmail.com | L26: Instalacion | M26: 46165 | N26: Instalacion / Activacion | O26: No | Q26: 10 | V26: SI | W26: Yes | X26: HFC | Z26: PROMOTOR | AH26: SANTA CRUZ | AI26: SANTA CRUZ CAP | AJ26: JOSE JONATHAN VERA GUTIERREZ | AK26: 2666994 | AL26: 29208851 | AM26: Israel ZEBALLOS TORRICO | AN26: CONECTADO | AO26: SANTA CRUZ | AP26: EAST | AQ26: SANTA CRUZ CAP | AR26: URBANA | AS26: HFC | AT26: I | AU26: FINALIZADA | AV26: 46164 | AW26: 46164.813 | AX26: 202605 | AY26: 23 | AZ26: 46165 | BA26: 46165.449 | BB26: NODO SCZ287 | BC26: NODO SCZ287 RAMAL C TAP 018 | BD26: MAKIRO | BE26: 3744 | BF26: DANIEL CARREÑO ROJAS | BH26: =VLOOKUP(Tabla2[[#This Row],[ID_TRANSACCION]],Hoja1!$B$4:$B$55,1,FALSE) -> BO_FS_202605232666994_29208851
A27: 46165 | B27: BO_FS_202605232480261_29210542 | C27: 29210542 | E27: 46166 | H27: ALFREDO VACA CASTRO | I27: 2480261 | K27: sincorreo@sincorreo.com | L27: Instalacion | M27: 46165 | N27: Instalacion / Activacion | O27: No | Q27: 9 | R27: Buena presencia, buena atención | V27: SI | W27: Yes | X27: HFC | Z27: PROMOTOR | AH27: SANTA CRUZ | AI27: SANTA CRUZ CAP | AJ27: JOSE JONATHAN VERA GUTIERREZ | AK27: 2480261 | AL27: 29210542 | AM27: ALFREDO VACA CASTRO | AN27: CONECTADO | AO27: SANTA CRUZ | AP27: EAST | AQ27: SANTA CRUZ CAP | AR27: URBANA | AS27: HFC | AT27: I | AU27: FINALIZADA | AV27: 46165 | AW27: 46165.548 | AX27: 202605 | AY27: 23 | AZ27: 46165 | BA27: 46165.649 | BB27: NODO SCZ191 | BC27: NODO SCZ191 RAMAL B TAP 052 | BD27: MAKIRO | BE27: 3744 | BF27: DANIEL CARREÑO ROJAS | BH27: =VLOOKUP(Tabla2[[#This Row],[ID_TRANSACCION]],Hoja1!$B$4:$B$55,1,FALSE) -> BO_FS_202605232480261_29210542
A28: 46168 | B28: BO_FS_202605262667547_29212416 | C28: 29212416 | E28: 46168 | H28: Carmelo MAMANI MAMANI | I28: 2667547 | K28: carmelommamani@gmail.com | L28: Instalacion | M28: 46168 | N28: Instalacion / Activacion | O28: No | Q28: 10 | V28: SI | W28: Yes | X28: HFC | Z28: PROMOTOR | AH28: SANTA CRUZ | AI28: SANTA CRUZ CAP | AJ28: JOSE JONATHAN VERA GUTIERREZ | AK28: 2667547 | AL28: 29212416 | AM28: Carmelo MAMANI MAMANI | AN28: CONECTADO | AO28: SANTA CRUZ | AP28: EAST | AQ28: SANTA CRUZ CAP | AR28: URBANA | AS28: HFC | AT28: I | AU28: FINALIZADA | AV28: 46166 | AW28: 46166.651 | AX28: 202605 | AY28: 26 | AZ28: 46168 | BA28: 46168.616 | BB28: NODO GRD290 | BC28: NODO GRD290 RAMAL A TAP 019 | BD28: MAKIRO | BE28: 3744 | BF28: DANIEL CARREÑO ROJAS | BH28: =VLOOKUP(Tabla2[[#This Row],[ID_TRANSACCION]],Hoja1!$B$4:$B$55,1,FALSE) -> BO_FS_202605262667547_29212416
A29: 46168 | B29: BO_FS_202605262668153_29216737 | C29: 29216737 | E29: 46168 | H29: FELICIANO AYALA URQUIZA | I29: 2668153 | K29: sincorreo@gmail.com | L29: Instalacion | M29: 46168 | N29: Instalacion / Activacion | O29: No | Q29: 9 | R29: Buena atención | V29: SI | W29: Yes | X29: HFC | Z29: PROMOTOR | AH29: SANTA CRUZ | AI29: SANTA CRUZ CAP | AJ29: JOSE JONATHAN VERA GUTIERREZ | AK29: 2668153 | AL29: 29216737 | AM29: FELICIANO AYALA URQUIZA | AN29: CONECTADO | AO29: SANTA CRUZ | AP29: EAST | AQ29: SANTA CRUZ CAP | AR29: URBANA | AS29: HFC | AT29: I | AU29: FINALIZADA | AV29: 46167 | AW29: 46167.708 | AX29: 202605 | AY29: 26 | AZ29: 46168 | BA29: 46168.673 | BB29: NODO SCZ832 | BC29: NODO SCZ832 RAMAL B TAP 006 | BD29: MAKIRO | BE29: 3744 | BF29: DANIEL CARREÑO ROJAS | BH29: =VLOOKUP(Tabla2[[#This Row],[ID_TRANSACCION]],Hoja1!$B$4:$B$55,1,FALSE) -> BO_FS_202605262668153_29216737
A30: 46168 | B30: BO_FS_202605262666194_29203571 | C30: 29203571 | E30: 46168 | H30: MARIA ELENA FLORES COPA | I30: 2666194 | K30: mariaelenaflorescopa27@gmail.com | L30: Instalacion | M30: 46168 | N30: Instalacion / Activacion | O30: No | Q30: 10 | R30: Buen trabajo | V30: SI | W30: Yes | X30: HFC | Z30: PROMOTOR | AH30: SANTA CRUZ | AI30: SANTA CRUZ CAP | AJ30: JOSE JONATHAN VERA GUTIERREZ | AK30: 2666194 | AL30: 29203571 | AM30: MARIA ELENA FLORES COPA | AN30: CONECTADO | AO30: SANTA CRUZ | AP30: EAST | AQ30: SANTA CRUZ CAP | AR30: URBANA | AS30: HFC | AT30: I | AU30: FINALIZADA | AV30: 46167 | AW30: 46167.362 | AX30: 202605 | AY30: 26 | AZ30: 46168 | BA30: 46168.359 | BB30: NODO GRD299 | BC30: NODO GRD299 RAMAL A TAP 016 | BD30: MAKIRO | BE30: 3744 | BF30: DANIEL CARREÑO ROJAS | BH30: =VLOOKUP(Tabla2[[#This Row],[ID_TRANSACCION]],Hoja1!$B$4:$B$55,1,FALSE) -> BO_FS_202605262666194_29203571
A31: 46167 | B31: BO_FS_202605252667525_29212288 | C31: 29212288 | E31: 46168 | H31: Miguel Angel CHAVEZ MANSILLA | I31: 2667525 | K31: morenowendynayerly@gmail.com | L31: Instalacion | M31: 46167 | N31: Instalacion / Activacion | O31: No | Q31: 10 | R31: Excelente | V31: SI | W31: Yes | X31: HFC | Z31: PROMOTOR | AH31: SANTA CRUZ | AI31: SANTA CRUZ CAP | AJ31: JOSE JONATHAN VERA GUTIERREZ | AK31: 2667525 | AL31: 29212288 | AM31: Miguel Angel CHAVEZ MANSILLA | AN31: CONECTADO | AO31: SANTA CRUZ | AP31: EAST | AQ31: SANTA CRUZ CAP | AR31: URBANA | AS31: HFC | AT31: I | AU31: FINALIZADA | AV31: 46166 | AW31: 46166.586 | AX31: 202605 | AY31: 25 | AZ31: 46167 | BA31: 46167.52 | BB31: NODO SCZ297 | BC31: NODO SCZ297 RAMAL D TAP 016 | BD31: MAKIRO | BE31: 3744 | BF31: DANIEL CARREÑO ROJAS | BH31: =VLOOKUP(Tabla2[[#This Row],[ID_TRANSACCION]],Hoja1!$B$4:$B$55,1,FALSE) -> BO_FS_202605252667525_29212288
A32: 46168 | B32: BO_FS_202605262668114_29216520 | C32: 29216520 | E32: 46168 | H32: ANA PAOLA JIMENEZ FERNANDEZ | I32: 2668114 | K32: nefertaryguissellefrancojimene@gmail.com | L32: Instalacion | M32: 46168 | N32: Instalacion / Activacion | O32: No | Q32: 10 | R32: Buena atención y son puntuales | V32: SI | W32: Yes | X32: HFC | Z32: PROMOTOR | AH32: SANTA CRUZ | AI32: SANTA CRUZ CAP | AJ32: JOSE JONATHAN VERA GUTIERREZ | AK32: 2668114 | AL32: 29216520 | AM32: ANA PAOLA JIMENEZ FERNANDEZ | AN32: CONECTADO | AO32: SANTA CRUZ | AP32: EAST | AQ32: SANTA CRUZ CAP | AR32: URBANA | AS32: HFC | AT32: I | AU32: FINALIZADA | AV32: 46167 | AW32: 46167.69 | AX32: 202605 | AY32: 26 | AZ32: 46168 | BA32: 46168.403 | BB32: NODO GRD178 | BC32: NODO GRD178 RAMAL A TAP 017 | BD32: MAKIRO | BE32: 3744 | BF32: DANIEL CARREÑO ROJAS | BH32: =VLOOKUP(Tabla2[[#This Row],[ID_TRANSACCION]],Hoja1!$B$4:$B$55,1,FALSE) -> BO_FS_202605262668114_29216520
A33: 46167 | B33: BO_FS_202605252667851_29214798 | C33: 29214798 | E33: 46168 | H33: Leonardo CUETO AVILA | I33: 2667851 | K33: leonardcue88@gmail.com | L33: Instalacion | M33: 46167 | N33: Instalacion / Activacion | O33: No | Q33: 10 | R33: Conexión de señal wf | V33: SI | W33: Yes | X33: HFC | Z33: PROMOTOR | AH33: SANTA CRUZ | AI33: SANTA CRUZ CAP | AJ33: JOSE JONATHAN VERA GUTIERREZ | AK33: 2667851 | AL33: 29214798 | AM33: Leonardo CUETO AVILA | AN33: CONECTADO | AO33: SANTA CRUZ | AP33: EAST | AQ33: SANTA CRUZ CAP | AR33: URBANA | AS33: HFC | AT33: I | AU33: FINALIZADA | AV33: 46167 | AW33: 46167.514 | AX33: 202605 | AY33: 25 | AZ33: 46167 | BA33: 46167.685 | BB33: NODO SCZ298 | BC33: NODO SCZ298 RAMAL B TAP 001 | BD33: MAKIRO | BE33: 3744 | BF33: DANIEL CARREÑO ROJAS | BH33: =VLOOKUP(Tabla2[[#This Row],[ID_TRANSACCION]],Hoja1!$B$4:$B$55,1,FALSE) -> BO_FS_202605252667851_29214798
A34: 46165 | B34: BO_FS_202605232667010_29208906 | C34: 29208906 | E34: 46167 | H34: JAIRO MAMANI | I34: 2667010 | K34: Jairomamani@gmail.com | L34: Instalacion | M34: 46165 | N34: Instalacion / Activacion | O34: No | Q34: 7 | R34: Todo un medio día tuve que esperar la instalación | V34: SI | W34: NO | X34: HFC | Z34: PASIVO | AH34: SANTA CRUZ | AI34: SANTA CRUZ CAP | AJ34: JOSE JONATHAN VERA GUTIERREZ | AK34: 2667010 | AL34: 29208906 | AM34: JAIRO MAMANI | AN34: CONECTADO | AO34: SANTA CRUZ | AP34: EAST | AQ34: SANTA CRUZ CAP | AR34: URBANA | AS34: HFC | AT34: I | AU34: FINALIZADA | AV34: 46164 | AW34: 46164.845 | AX34: 202605 | AY34: 23 | AZ34: 46165 | BA34: 46165.56 | BB34: NODO SCZ221 | BC34: NODO SCZ221 RAMAL D TAP 006 | BD34: MAKIRO | BE34: 3744 | BF34: DANIEL CARREÑO ROJAS | BH34: =VLOOKUP(Tabla2[[#This Row],[ID_TRANSACCION]],Hoja1!$B$4:$B$55,1,FALSE) -> BO_FS_202605232667010_29208906
A35: 46169 | B35: BO_FS_202605272668680_29220488 | C35: 29220488 | E35: 46171 | H35: IGNACIO MANUEL MANACA SAUCEDO | I35: 2668680 | K35: ignaciomanacasaucedo@gmail.com | L35: Instalacion | M35: 46169 | N35: Instalacion / Activacion | O35: No | Q35: 10 | V35: SI | W35: Yes | X35: HFC | Z35: PROMOTOR | AH35: SANTA CRUZ | AI35: SANTA CRUZ CAP | AJ35: JOSE JONATHAN VERA GUTIERREZ | AK35: 2668680 | AL35: 29220488 | AM35: IGNACIO MANUEL MANACA SAUCEDO | AN35: CONECTADO | AO35: SANTA CRUZ | AP35: EAST | AQ35: SANTA CRUZ CAP | AR35: URBANA | AS35: HFC | AT35: I | AU35: FINALIZADA | AV35: 46168 | AW35: 46168.618 | AX35: 202605 | AY35: 27 | AZ35: 46169 | BA35: 46169.605 | BB35: NODO SCZ197 | BC35: NODO SCZ197 RAMAL B TAP 007 | BD35: MAKIRO | BE35: 3744 | BF35: DANIEL CARREÑO ROJAS | BH35: =VLOOKUP(Tabla2[[#This Row],[ID_TRANSACCION]],Hoja1!$B$4:$B$55,1,FALSE) -> BO_FS_202605272668680_29220488
A36: 46170 | B36: BO_FS_202605282669033_29223247 | C36: 29223247 | E36: 46171 | H36: ZACARIAS VALDIVIA CHOQUE | I36: 2669033 | K36: zacarias1234@gmail.com | L36: Instalacion | M36: 46170 | N36: Instalacion / Activacion | O36: No | Q36: 9 | V36: SI | W36: Yes | X36: HFC | Z36: PROMOTOR | AH36: SANTA CRUZ | AI36: SANTA CRUZ | AJ36: JOSE JONATHAN VERA GUTIERREZ | AK36: 2669033 | AL36: 29223247 | AM36: ZACARIAS VALDIVIA CHOQUE | AN36: CONECTADO | AO36: SANTA CRUZ | AP36: EAST | AQ36: SANTA CRUZ | AR36: URBANA | AS36: HFC | AT36: I | AU36: FINALIZADA | AV36: 46169 | AW36: 46169.462 | AX36: 202605 | AY36: 28 | AZ36: 46170 | BA36: 46170.446 | BB36: NODO SCZ288 | BC36: NODO SCZ288 RAMAL D TAP 021 | BD36: MAKIRO | BE36: 3744 | BF36: DANIEL CARREÑO ROJAS | BH36: =VLOOKUP(Tabla2[[#This Row],[ID_TRANSACCION]],Hoja1!$B$4:$B$55,1,FALSE) -> #N/A
A37: 46173 | B37: BO_FS_202605312670957_29242377 | C37: 29242377 | E37: 46173 | H37: ALISON CORIA CALIZAYA | I37: 2670957 | K37: alisoncaria51@gmail.com | L37: Instalacion | M37: 46173 | N37: Instalacion / Activacion | O37: No | Q37: 10 | R37: Buen trabajo | V37: SI | W37: Yes | X37: HFC | Z37: PROMOTOR | AH37: SANTA CRUZ | AI37: SANTA CRUZ CAP | AJ37: JOSE JONATHAN VERA GUTIERREZ | AK37: 2670957 | AL37: 29242377 | AM37: ALISON CORIA CALIZAYA | AN37: CONECTADO | AO37: SANTA CRUZ | AP37: EAST | AQ37: SANTA CRUZ CAP | AR37: URBANA | AS37: HFC | AT37: I | AU37: FINALIZADA | AV37: 46172 | AW37: 46172.699 | AX37: 202605 | AY37: 31 | AZ37: 46173 | BA37: 46173.489 | BB37: NODO SCZ287 | BC37: NODO SCZ287 RAMAL C TAP 026 | BD37: MAKIRO | BE37: 3744 | BF37: DANIEL CARREÑO ROJAS | BH37: =VLOOKUP(Tabla2[[#This Row],[ID_TRANSACCION]],Hoja1!$B$4:$B$55,1,FALSE) -> BO_FS_202605312670957_29242377
A38: 46171 | B38: BO_FS_202605292669771_29229465 | C38: 29229465 | E38: 46173 | H38: Carlos Daniel SOLIZ CABRERA | I38: 2669771 | K38: carlossolizdaniel@gmail.com | L38: Instalacion | M38: 46171 | N38: Instalacion / Activacion | O38: No | Q38: 10 | V38: SI | W38: Yes | X38: HFC | Z38: PROMOTOR | AH38: SANTA CRUZ | AI38: SANTA CRUZ CAP | AJ38: JOSE JONATHAN VERA GUTIERREZ | AK38: 2669771 | AL38: 29229465 | AM38: Carlos Daniel SOLIZ CABRERA | AN38: CONECTADO | AO38: SANTA CRUZ | AP38: EAST | AQ38: SANTA CRUZ CAP | AR38: URBANA | AS38: HFC | AT38: I | AU38: FINALIZADA | AV38: 46170 | AW38: 46170.675 | AX38: 202605 | AY38: 29 | AZ38: 46171 | BA38: 46171.663 | BB38: NODO SCZ297 | BC38: NODO SCZ297 RAMAL B TAP 029 | BD38: MAKIRO | BE38: 3744 | BF38: DANIEL CARREÑO ROJAS | BH38: =VLOOKUP(Tabla2[[#This Row],[ID_TRANSACCION]],Hoja1!$B$4:$B$55,1,FALSE) -> BO_FS_202605292669771_29229465
A39: 46171 | B39: BO_FS_202605292669519_29227369 | C39: 29227369 | E39: 46173 | H39: GUSTAVO PAZ JUSTINIANO | I39: 2669519 | K39: gpjustiniano@gmail.com | L39: Instalacion | M39: 46171 | N39: Instalacion / Activacion | O39: No | Q39: 10 | V39: SI | W39: Yes | X39: HFC | Z39: PROMOTOR | AH39: SANTA CRUZ | AI39: SANTA CRUZ CAP | AJ39: JOSE JONATHAN VERA GUTIERREZ | AK39: 2669519 | AL39: 29227369 | AM39: GUSTAVO PAZ JUSTINIANO | AN39: CONECTADO | AO39: SANTA CRUZ | AP39: EAST | AQ39: SANTA CRUZ CAP | AR39: URBANA | AS39: HFC | AT39: I | AU39: FINALIZADA | AV39: 46170 | AW39: 46170.488 | AX39: 202605 | AY39: 29 | AZ39: 46171 | BA39: 46171.424 | BB39: NODO SCZ275 | BC39: NODO SCZ275 RAMAL A TAP 011 | BD39: MAKIRO | BE39: 3744 | BF39: DANIEL CARREÑO ROJAS | BH39: =VLOOKUP(Tabla2[[#This Row],[ID_TRANSACCION]],Hoja1!$B$4:$B$55,1,FALSE) -> BO_FS_202605292669519_29227369
